Unknown,uInChIKey,Rank,Library,Id,Mass,Lib MW,Score,Dot Product,Prob(%),Peptide,Charge,Formula,Prec.Type,FlankRes,Mods,Pep,CAS,NIST r.n.,InChIKey,Nreps,Tfratio,Protein
#5 376.2591@36.241 MS1+ [Scan #4130 @36.0777 MS2 +],,1,hr_msms_nist,28921,375.248,375,419,419,88.3,Thr-Lys-Lys,1,C16H33N5O5,[M+H]+,,,,0,1096219,MGJLBZFUXUGMML-UHFFFAOYSA-N,,,
#7 542.0687@9.672 MS1+ [Scan #1141 @9.5862 MS2 +],,1,lr_msms_nist,41228,541.061,541,357,357,100,Cyclic adenosine diphosphate ribose,1,C15H21N5O13P2,[M+H]+,,,,119340533,1173070,BQOHYSXSASDCEA-AUFQSWFVSA-N,,,
#25 428.0367@9.672 MS1+ [Scan #1155 @9.7389 MS2 +],,1,lr_msms_nist,13809,427.029,427,389,389,99,Adenosine 5'-diphosphate,1,C10H15N5O10P2,[M+H]+,,,,58640,1053868,XTWYTFMLZFPYCI-KQYNXXCUSA-N,,,
#75 481.2117@20.374 MS1+ [Scan #2313 @20.2075 MS2 +],,1,hr_msms_nist,506413,458.23,458,774,774,100,"Methyl 16-hydroxy-4,4,8,12,16-pentamethyl-15,17,19-trioxo-3,19-epoxyandrost-11-ene-14-carboxylate",1,C26H34O7,[M+Na]+,,,,1229025131,1821042,UPJBUABBBFMLGN-UHFFFAOYSA-N,,,
#214 414.2150@36.241 MS1+ [Scan #4136 @36.1230 MS2 +],,1,hr_msms_nist,28135,413.202,413,800,800,99,PyroGlu-Gln-Arg,1,C16H27N7O6,[M+H]+,,,,0,1095433,YREWIBVCENPXOR-UHFFFAOYSA-N,,,
#286 370.0523@8.061 MS1+ [Scan #948 @8.0169 MS2 +],,1,lr_msms_nist,77976,347.063,347,332,332,73.6,Adenosine 2'-monophosphate,1,C10H14N5O7P,[M+Na]+,,,,130494,1415069,QDFHPFSBQFLLSW-CRKDRTNXSA-N,,,
#287 771.2638@8.218 MS1+ [Scan #972 @8.2257 MS2 +],,1,hr_msms_nist,353447,748.275,748,485,485,97.8,Lec,1,C28H48N2O21,[M+Na]+,,,,0,1590885,,,,
#327 615.2889@35.829 MS1+ [Scan #4125 @36.0312 MS2 +],,1,biopep_msms_nist,31520,614.277,614,865,865,96.6,Gly-Arg-Gly-Asp-Asn-Pro,1,C23H38N10O10,[M+H]+,,,,114681651,0,,,,
#470 457.1583@30.052 MS1+ [Scan #3418 @29.9330 MS2 +],,1,hr_msms_nist,737135,456.142,456,535,535,99,Steganacin,1,C24H24O9,[M+H]+,,,,41451687,3134576,XJTXBUKLGQCZHC-XFQAVAEZSA-N,,,
#624 355.0699@25.562 MS1+ [Scan #2892 @25.5073 MS2 +],,1,lr_msms_nist,33268,370.094,370,948,948,100,Decamethylcyclopentasiloxane,1,C10H30O5Si5,[M+H-CH4]+,,,,541026,1122520,XMSXQFUHVRWGNA-UHFFFAOYSA-N,,,
#628 469.1830@36.241 MS1+ [Scan #4142 @36.1600 MS2 +],,1,hr_msms_nist,700090,446.194,446,417,417,48.3,Gnaphalidin,1,C24H30O8,[M+Na]+,,,,70544922,3070025,GXQZOQHVBGNFHI-CZQCRYLRSA-N,,,
#630 457.1581@28.856 MS1+ [Scan #3278 @28.7752 MS2 +],,1,hr_msms_nist,737136,456.142,456,558,558,98.8,Steganacin,1,C24H24O9,[M+H]+,,,,41451687,3134577,XJTXBUKLGQCZHC-XFQAVAEZSA-N,,,
#745 467.1674@29.619 MS1+ [Scan #3374 @29.5732 MS2 +],,1,hr_msms_nist,109437,910.328,910,652,652,55.9,Man3 b,2,C34H58N2O26,[M+H+Na]2+,,,,0,1234405,,,,
#838 1175.3689@8.783 MS1+ [Scan #1033 @8.6998 MS2 +],,1,lr_msms_nist,48654,1152.38,1152,384,384,99,Maltoheptaose,1,C42H72O36,[M+Na]+,,,,34620785,1261391,BNABBHGYYMZMOA-WPQHDQNLSA-N,,,
#979 373.1181@34.533 MS1+ [Scan #3955 @34.5413 MS2 +],,1,hr_msms_nist,294563,372.114,372,892,892,98.8,"2,4-Thiazolidinedione, 5-[[4-[2-(5-ethyl-2-pyridinyl)-2-hydroxyethoxy]phenyl]methyl]-",1,C19H20N2O4S,[M+H]+,,,,101931004,1505027,RMTFRGFLVHAYCI-UHFFFAOYSA-N,,,
#991 487.1801@10.564 MS1+ [Scan #1259 @10.4688 MS2 +],,1,lr_msms_nist,99477,464.197,464,481,481,87.2,Beclomethasone 21-propionate,1,C25H33ClO6,[M+Na]+,,,,69224799,1509808,OPNPEZLXXKGRTA-XGQKBEPLSA-N,,,
#1014 361.1524@37.587 MS1+ [Scan #4315 @37.5937 MS2 +],,1,hr_msms_nist,163774,396.161,396,332,332,42.3,Tiaprost,1,C20H28O6S,[M+H-2H2O]+,,,,71116820,1316357,FYBFDIIAPRHIQS-SYJKBYRUSA-N,,,
#1113 375.1688@34.198 MS1+ [Scan #3913 @34.1920 MS2 +],,1,hr_msms_nist,847946,352.175,352,602,602,99,Ethyl 2-(4-(t-BOC)piperazin-1-yl)-4-hydroxypyrimidine-5-carboxylate,1,C16H24N4O5,[M+Na]+,,,,1065074318,3257440,QKKFACJXVJWDAL-UHFFFAOYSA-N,,,
#1268 351.1315@22.310 MS1+ [Scan #2535 @22.2730 MS2 +],,1,hr_msms_nist,862838,406.178,406,329,329,92.3,Isolupalbigenin,1,C25H26O5,[M+H-C4H8]+,,,,162616708,3275965,FXJPTJQFJYNFKC-UHFFFAOYSA-N,,,
#1293 407.2288@18.310 MS1+ [Scan #2097 @18.1927 MS2 +],,1,lr_msms_nist,41644,384.23,384,322,322,98.8,Ethynodiol diacetate,1,C24H32O4,[M+Na]+,,,,297767,1177543,ONKUMRGIYFNPJW-KIEAKMPYSA-N,,,
#1311 499.2051@31.924 MS1+ [Scan #3650 @31.9012 MS2 +],,1,hr_msms_nist,718145,476.206,476,503,503,98.6,"Methyl 3-[4-hydroxy-2-(2-methylpropyl)-1-oxo-3,3a-dihydro-2H-imidazo[1,2-a]indol-4-yl]-2-(4-oxoquinazolin-3-yl)propanoate",1,C26H28N4O5,[M+Na]+,,,,1793896395,3094986,XSMFFOWECZCAFL-UHFFFAOYSA-N,,,
#1444 413.0537@18.116 MS1+ [Scan #2082 @18.0580 MS2 +],,1,lr_msms_nist,155503,390.065,390,735,735,100,Phenyl{[4-phenyl-6-(trifluoromethyl)-2-pyrimidinyl]sulfanyl}acetic acid,1,C19H13F3N2O2S,[M+Na]+,,,,107072322,1833946,AQEVAFZLDGPQFC-UHFFFAOYSA-N,,,
#1648 367.1665@37.376 MS1+ [Scan #4263 @37.1538 MS2 +],,1,hr_msms_nist,709192,366.168,366,490,490,80.5,Longilactone,1,C19H26O7,[M+H]+,,,,129587093,3082870,KBBRVTNGCNCUCX-IRLOYWMGSA-N,,,
#1717 541.2732@34.459 MS1+ [Scan #3956 @34.5465 MS2 +],,1,hr_msms_nist,300122,540.262,540,709,709,81.6,Defluoroatorvastatin,1,C33H36N2O5,[M+H]+,,,,433289840,1512773,SWFBJYRYCRZMSB-KAYWLYCHSA-N,,,
#1718 541.2733@34.459 MS1+ [Scan #3956 @34.5465 MS2 +],,1,hr_msms_nist,300122,540.262,540,709,709,81.6,Defluoroatorvastatin,1,C33H36N2O5,[M+H]+,,,,433289840,1512773,SWFBJYRYCRZMSB-KAYWLYCHSA-N,,,
#1746 465.1996@37.287 MS1+ [Scan #4270 @37.2117 MS2 +],,1,hr_msms_nist,929682,464.184,464,391,391,100,"(3R,5S,5aR,6R,9aS)-5-(Benzoyloxy)-2,2,5a,9-tetramethyl-7-oxo-3,4,5,5a,6,7-hexahydro-2H-3,9a-methano-1-benzoxepin-6-yl furan-3-carboxylate",1,C27H28O7,[M+H]+,,,,2061554730,3364969,RMIVOYJOVNKIJQ-MRZUMUBOSA-N,,,
#1771 400.1941@23.913 MS1+ [Scan #2715 @23.9272 MS2 +],,1,hr_msms_nist,727403,399.183,399,615,615,80,"6'-(Diethylamino)-1',3'-dimethyl-3H-spiro[isobenzofuran-1,9'-xanthen]-3-one",1,C26H25NO3,[M+H]+,,,,21934689,3122387,XUFBVJQHCCCPNM-UHFFFAOYSA-N,,,
#1820 442.1471@11.805 MS1+ [Scan #1414 @11.8305 MS2 +],,1,lr_msms_nist,47058,441.14,441,802,802,100,Folic acid,1,C19H19N7O6,[M+H]+,,,,59303,1237300,OVBPIULPVIDEAO-LBPRGKRZSA-N,,,
#1894 599.2934@36.115 MS1+ [Scan #4138 @36.1338 MS2 +],,1,hr_msms_nist,3526,598.279,598,931,931,100,Hematoporphyrin,1,C34H38N4O6,[M+H]+,,,,14459291,1057578,UJKPHYRXOLRVJJ-AMPAVEGJSA-N,,,
#2404 557.2460@36.743 MS1+ [Scan #4215 @36.7708 MS2 +],,1,hr_msms_nist,292972,556.237,556,474,474,80.7,4-Hydroxyatorvastatin lactone,1,C33H33FN2O5,[M+H]+,,,,163217707,1502676,KDJMDZSAAFACAM-KAYWLYCHSA-N,,,
#2483 351.1314@21.292 MS1+ [Scan #2426 @21.2433 MS2 +],,1,lr_msms_nist,15648,350.123,350,722,722,98.5,Trp(Dioxidation)-Asn,1,C15H18N4O6,[M+H]+,,,,0,1078916,GTLOJQFANPPBBZ-UHFFFAOYSA-N,,,
#2697 641.3619@37.260 MS1+ [Scan #4271 @37.2188 MS2 +],,1,hr_msms_nist,659870,618.377,618,517,517,100,"13-Hydroxy-11-(2-hydroxypropan-2-yl)-1,1,7a,8,13a-pentamethyl-1,2,3,4,6,7,7a,7b,8,9,10,11,13,13a,15,15a-hexadecahydro-10,12a-epoxycyclopropa[1',8a']naphtho[2',1':4,5]indeno[2,1-b]oxepin-2-yl .beta.-D-xylopyranoside",1,C35H54O9,[M+Na]+,,,,0,3017525,LTVCFOSNIVVOBK-RSGHPYSYSA-N,,,
#2895 448.2332@33.280 MS1+ [Scan #3811 @33.2882 MS2 +],,1,hr_msms_nist,293824,720.234,720,659,659,97.7,Hydroxyitraconazole,1,C35H38Cl2N8O5,[M+H-C10H9Cl2N3O2]+,,,,112559918,1503976,ISJVOEOJQLKSJU-UHFFFAOYSA-N,,,
#3512 729.3569@37.429 MS1+ [Scan #4301 @37.4715 MS2 +],,1,hr_msms_nist,864821,706.378,706,314,314,100,"3-O-(2-Methylpropanoyl)hex-2-ulofuranosyl 2-O-decanoyl-3,6-bis-O-(2-methylpropanoyl)hexopyranoside",1,C34H58O15,[M+Na]+,,,,0,3279570,KSNWZOGDNCZVEN-UHFFFAOYSA-N,,,
#3532 425.2070@37.185 MS1+ [Scan #4278 @37.2775 MS2 +],,1,lr_msms_nist,19760,424.196,424,603,603,97.8,Tyr-Asp-Lys,1,C19H28N4O7,[M+H]+,,,,0,1083672,JFDGVHXRCKEBAU-UHFFFAOYSA-N,,,
#3834 460.2218@37.376 MS1+ [Scan #4283 @37.3223 MS2 +],,1,hr_msms_nist,249416,437.238,437,433,433,99,Tafluprost ethylamide,1,C24H33F2NO4,[M+Na]+,,,,1185851528,1439241,VJZKLIPANASSBD-MSHHKXPZSA-N,,,
#4196 362.1113@16.364 MS1+ [Scan #1901 @16.3723 MS2 +],,1,hr_msms_nist,96087,361.108,361,301,301,97.3,Bezafibrate,1,C19H20ClNO4,[M+H]+,,,,41859670,1212282,IIBYAHWJQTYFKB-UHFFFAOYSA-N,,,
#4297 375.1013@22.259 MS1+ [Scan #2542 @22.3373 MS2 +],,1,hr_msms_nist,613149,374.1,374,542,542,43.1,"5-Hydroxy-2-(3-hydroxy-4,5-dimethoxyphenyl)-3,7-dimethoxychromen-4-one",1,C19H18O8,[M+H]+,,,,14290574,1955849,LLDTYMGZAXZDDU-UHFFFAOYSA-N,,,
#5044 473.1678@19.589 MS1+ [Scan #2253 @19.6467 MS2 +],,1,hr_msms_nist,68086,472.166,472,337,337,99,Dexamethasone phosphate,1,C22H30FO8P,[M+H]+,,,,312936,1168693,VQODGRNSFPNSQE-CXSFZGCWSA-N,,,
#5364 439.2438@16.598 MS1+ [Scan #1926 @16.6156 MS2 +],,1,biopep_msms_nist,12870,876.475,876,967,967,98.3,"Spinorphin, bovine",2,C45H64N8O10,[M+2H]2+,,,,0,0,,,,
#6117 599.2804@16.816 MS1+ [Scan #1957 @16.9032 MS2 +],,1,hr_msms_nist,183199,598.279,598,303,303,100,Hematoporphyrin,1,C34H38N4O6,[M+H]+,,,,14459291,1344079,UJKPHYRXOLRVJJ-AMPAVEGJSA-N,,,
#6775 483.9918@2.876 MS1+ [Scan #305 @2.9117 MS2 +],,1,lr_msms_nist,40437,482.985,483,334,334,100,Cytidine 5'-triphosphate,1,C9H16N3O14P3,[M+H]+,,,,65474,1161216,PCDQPRRSZKQHHS-XVFCMESISA-N,,,
#6979 413.2660@3.273 MS1+ [Scan #324 @3.0324 MS2 +],,1,lr_msms_nist,7579,390.277,390,515,515,98.6,Diisooctyl phthalate,1,C24H38O4,[M+Na]+,,,,131204,1033710,IJFPVINAQGWBRJ-UHFFFAOYSA-N,,,
#8040 351.0411@5.139 MS1+ [Scan #605 @4.9902 MS2 +],,1,hr_msms_nist,271740,175.013,175,326,326,100,(-)-Sulforaphene,1,C6H9NOS2,[2M+H]+,,,,592950,1473070,QKGJFQMGPDVOQE-HWKANZROSA-N,,,
#8160 560.0791@5.957 MS1+ [Scan #710 @5.8568 MS2 +],,1,lr_msms_nist,40469,559.072,559,765,765,100,Adenosine 5'-diphosphoribose,1,C15H23N5O14P2,[M+H]+,,,,20762305,1161406,SRNWOUGRCWSEMX-TYASJMOZSA-N,,,
#8214 364.1173@6.749 MS1+ [Scan #779 @6.5666 MS2 +],,1,hr_msms_nist,841652,363.105,363,302,302,100,Rufloxacin,1,C17H18FN3O3S,[M+H]+,,,,101363104,3249653,NJCJBUHJQLFDSW-UHFFFAOYSA-N,,,
#8238 771.2639@6.859 MS1+ [Scan #836 @7.0687 MS2 +],,1,hr_msms_nist,109416,748.275,748,578,578,97.5,Man2a,1,C28H48N2O21,[M+Na]+,,,,0,1234366,,,,
#8326 1013.3164@7.254 MS1+ [Scan #861 @7.1274 MS2 +],,1,lr_msms_nist,215436,990.328,990,479,479,100,Cellohexaose,1,C36H62O31,[M+Na]+,,,,2478355,3479971,,,,
#8371 665.1004@7.437 MS1+ [Scan #873 @7.4315 MS2 +],,1,lr_msms_nist,14104,664.093,664,345,345,100,Nicotinic acid adenine dinucleotide,1,C21H26N6O15P2,[M+H]+,,,,100659174,1054341,SENPVEZBRZQVST-FXJSMKSKSA-N,,,
#8384 1175.3689@7.493 MS1+ [Scan #897 @7.5311 MS2 +],,1,lr_msms_nist,48654,1152.38,1152,333,333,93.8,Maltoheptaose,1,C42H72O36,[M+Na]+,,,,34620785,1261391,BNABBHGYYMZMOA-WPQHDQNLSA-N,,,
#8384 1175.3689@7.493 MS1+ [Scan #871 @7.4150 MS2 +],,1,lr_msms_nist,48654,1152.38,1152,368,368,94.3,Maltoheptaose,1,C42H72O36,[M+Na]+,,,,34620785,1261391,BNABBHGYYMZMOA-WPQHDQNLSA-N,,,
#8468 915.3061@7.899 MS1+ [Scan #947 @7.9265 MS2 +],,1,lr_msms_nist,120049,1113.407,1113,345,345,49.3,Man2G1 Fragment a,1,C42H71N3O31,[M+Na]+=>915.3,,,,0,1595410,,,,
#8593 542.0687@8.399 MS1+ [Scan #987 @8.2097 MS2 +],,1,lr_msms_nist,41228,541.061,541,487,487,100,Cyclic adenosine diphosphate ribose,1,C15H21N5O13P2,[M+H]+,,,,119340533,1173070,BQOHYSXSASDCEA-AUFQSWFVSA-N,,,
#8815 487.1800@8.914 MS1+ [Scan #1100 @8.9292 MS2 +],,1,lr_msms_nist,99477,464.197,464,514,514,88.5,Beclomethasone 21-propionate,1,C25H33ClO6,[M+Na]+,,,,69224799,1509808,OPNPEZLXXKGRTA-XGQKBEPLSA-N,,,
#8858 413.2031@9.187 MS1+ [Scan #1106 @9.2003 MS2 +],,1,hr_msms_nist,273554,824.4,824,628,628,98.9,Vincristine,2,C46H56N4O10,[M+2H]2+,,,,57227,1475666,OGWKCGZFUXNPDA-CFWMRBGOSA-N,,,
#8950 428.0367@9.850 MS1+ [Scan #1174 @9.8570 MS2 +],,1,lr_msms_nist,13809,427.029,427,373,373,100,Adenosine 5'-diphosphate,1,C10H15N5O10P2,[M+H]+,,,,58640,1053868,XTWYTFMLZFPYCI-KQYNXXCUSA-N,,,
#9179 414.2709@10.698 MS1+ [Scan #1272 @10.6691 MS2 +],,1,hr_msms_nist,99486,413.257,413,871,871,99,15-Ketobimatoprost,1,C25H35NO4,[M+H]+,,,,1163135963,1217138,OZCBJWOYRKMMPF-QWPROEHNSA-N,,,
#9212 385.1288@10.877 MS1+ [Scan #1262 @10.6884 MS2 +],,1,lr_msms_nist,12494,384.122,384,410,410,99,S-(5'-Adenosyl)-L-homocysteine,1,C14H20N6O5S,[M+H]+,,,,979920,1051768,ZJUKTBDSGOFHSH-WFMPWKQPSA-N,,,
#10035 450.2323@16.717 MS1+ [Scan #1919 @16.6294 MS2 +],,1,hr_msms_nist,581134,449.231,449,484,484,98.4,"6b-Hydroxy-2,2-dimethyl-14a-(2-methylbut-3-en-2-yl)-2,6b,7,7a,10,11,12,12a,14a,15-decahydro-8H,13H-pyrano[3,2-g]pyrrolo[1'',2'':4',5']pyrazino[1',2':1,5]pyrrolo[2,3-b]indole-8,13-dione",1,C26H31N3O4,[M+H]+,,,,0,1913390,IDMNDTVGFAYTCQ-UHFFFAOYSA-N,,,
#10153 481.2118@18.072 MS1+ [Scan #2062 @17.9502 MS2 +],,1,hr_msms_nist,506413,458.23,458,952,952,100,"Methyl 16-hydroxy-4,4,8,12,16-pentamethyl-15,17,19-trioxo-3,19-epoxyandrost-11-ene-14-carboxylate",1,C26H34O7,[M+Na]+,,,,1229025131,1821042,UPJBUABBBFMLGN-UHFFFAOYSA-N,,,
#10553 417.2595@20.156 MS1+ [Scan #2288 @20.0043 MS2 +],,1,hr_msms_nist,206083,394.272,394,323,323,98.5,Prostaglandin E2 isopropyl ester,1,C23H38O5,[M+Na]+,,,,71845664,1376833,NOHLKSJQMSPOTB-FZNVCOGTSA-N,,,
#10583 410.2010@20.560 MS1+ [Scan #2344 @20.5187 MS2 +],,1,hr_msms_nist,909949,387.205,387,702,702,99,"11,13,14-Trihydroxyhetisan-2-yl acetate",1,C22H29NO5,[M+Na]+,,,,0,3341334,XGTNTUKODZZCGL-LKQJZJTQSA-N,,,
#10591 453.2098@20.560 MS1+ [Scan #2349 @20.5670 MS2 +],,1,hr_msms_nist,29591,452.202,452,330,330,97.9,Tyr-Asp-Arg,1,C19H28N6O7,[M+H]+,,,,0,1096894,BARBHMSSVWPKPZ-UHFFFAOYSA-N,,,
#10651 426.1749@21.128 MS1+ [Scan #2414 @21.1610 MS2 +],,1,hr_msms_nist,371391,408.134,408,406,406,98.7,Dapagliflozin,1,C21H25ClO6,[M+NH4]+,,,,461432268,1616906,JVHXJTBJCFBINQ-ADAARDCZSA-N,,,
#11436 379.0699@25.706 MS1+ [Scan #2951 @25.6073 MS2 +],,1,hr_msms_nist,203423,356.088,356,386,386,97.6,Sulindac,1,C20H17FO3S,[M+Na]+,,,,38194502,1372810,MLKXDPUZXIRXEP-RQZCQDPDSA-N,,,
#11459 467.1678@25.859 MS1+ [Scan #2972 @25.7753 MS2 +],,1,hr_msms_nist,109437,910.328,910,548,548,33.3,Man3 b,2,C34H58N2O26,[M+H+Na]2+,,,,0,1234405,,,,
#11467 467.1677@26.059 MS1+ [Scan #3031 @26.0198 MS2 +],,1,hr_msms_nist,109437,910.328,910,544,544,48.3,Man3 b,2,C34H58N2O26,[M+H+Na]2+,,,,0,1234405,,,,
#11483 384.2592@25.974 MS1+ [Scan #2985 @25.8817 MS2 +],,1,hr_msms_nist,32133,361.262,361,460,460,100,Arachidonoylglycine,1,C22H35NO3,[M+Na]+,,,,179113918,1105885,YLEARPUNMCCKMP-DOFZRALJSA-N,,,
#11581 457.1582@26.795 MS1+ [Scan #3147 @26.8235 MS2 +],,1,hr_msms_nist,737136,456.142,456,522,522,98.9,Steganacin,1,C24H24O9,[M+H]+,,,,41451687,3134577,XJTXBUKLGQCZHC-XFQAVAEZSA-N,,,
#11640 467.1674@27.435 MS1+ [Scan #3175 @27.4248 MS2 +],,1,hr_msms_nist,655556,444.178,444,657,657,100,"7-(Hydroxymethyl)-2,5a,11,11,13a-pentamethyl-3a,5a,6,8,12,13a,13b,13c-octahydrofuro[4,3,2-ij]pyrano[4',3':4,5]cyclohepta[1,2-f]isochromene-1,5,9,13(2H,11H)-tetrone",1,C24H28O8,[M+Na]+,,,,1212359982,3011573,JIEVZPUBUDASNE-UHFFFAOYSA-N,,,
#11647 467.1678@27.553 MS1+ [Scan #3236 @27.5478 MS2 +],,1,hr_msms_nist,289877,614.147,614,624,624,54.1,"11,17-Difuroatemometasone",1,C32H32Cl2O8,[M+H-C5H5ClO3]+,,,,1370190332,1498459,MJDGUHJEIVTMQZ-VYYCQGSCSA-N,,,
#11881 499.2050@29.807 MS1+ [Scan #3843 @29.8145 MS2 +],,1,hr_msms_nist,718145,476.206,476,545,545,52.3,"Methyl 3-[4-hydroxy-2-(2-methylpropyl)-1-oxo-3,3a-dihydro-2H-imidazo[1,2-a]indol-4-yl]-2-(4-oxoquinazolin-3-yl)propanoate",1,C26H28N4O5,[M+Na]+,,,,1793896395,3094986,XSMFFOWECZCAFL-UHFFFAOYSA-N,,,
#11959 499.2051@30.622 MS1+ [Scan #3581 @30.6312 MS2 +],,1,hr_msms_nist,718145,476.206,476,617,617,99,"Methyl 3-[4-hydroxy-2-(2-methylpropyl)-1-oxo-3,3a-dihydro-2H-imidazo[1,2-a]indol-4-yl]-2-(4-oxoquinazolin-3-yl)propanoate",1,C26H28N4O5,[M+Na]+,,,,1793896395,3094986,XSMFFOWECZCAFL-UHFFFAOYSA-N,,,
#12100 369.1608@32.037 MS1+ [Scan #3757 @32.0202 MS2 +],,1,hr_msms_nist,597299,346.178,346,790,790,98.8,"9,11,18-Trihydroxy-6,18-epoxypimara-5,8(14),15-trien-7-one",1,C20H26O5,[M+Na]+,,,,0,1934267,DVIBNAPGGXYIPD-UHFFFAOYSA-N,,,
#12109 375.1688@32.088 MS1+ [Scan #3761 @32.0457 MS2 +],,1,hr_msms_nist,847947,352.175,352,443,443,99,Ethyl 2-(4-(t-BOC)piperazin-1-yl)-4-hydroxypyrimidine-5-carboxylate,1,C16H24N4O5,[M+Na]+,,,,1065074318,3257441,QKKFACJXVJWDAL-UHFFFAOYSA-N,,,
#12212 505.3172@32.694 MS1+ [Scan #3857 @32.8165 MS2 +],,1,hr_msms_nist,202259,504.317,504,311,311,87.7,Dipyridamole,1,C24H40N8O4,[M+H]+,,,,58322,1370865,IZEKFCXSFNUWAM-UHFFFAOYSA-N,,,
#12298 375.2617@33.601 MS1+ [Scan #3954 @33.6258 MS2 +],,1,hr_msms_nist,102498,392.256,392,869,869,70.8,"9-Oxo-11.alpha.,16R-dihydroxy-17-cyclobutyl-5Z,13E-dien-1-oic acid",1,C23H36O5,[M+H-H2O]+,,,,212310162,1221604,HJVBXPOYFHMZAS-PMPWYNIUSA-N,,,
#12332 376.2592@33.701 MS1+ [Scan #4094 @33.5598 MS2 +],,1,hr_msms_nist,28921,375.248,375,399,399,87.3,Thr-Lys-Lys,1,C16H33N5O5,[M+H]+,,,,0,1096219,MGJLBZFUXUGMML-UHFFFAOYSA-N,,,
#12338 467.1469@33.796 MS1+ [Scan #4004 @33.7107 MS2 +],,1,hr_msms_nist,353550,894.333,894,525,525,90.5,Lewis A Core 1,2,C34H58N2O25,[M+H+K]2+,,,,0,1591043,,,,
#12362 382.2088@33.825 MS1+ [Scan #3992 @33.9053 MS2 +],,1,hr_msms_nist,166605,381.209,381,548,548,100,"Methanone, (1-hexyl-5-phenyl-1H-pyrrol-3-yl)-1-naphthalenyl-",1,C27H27NO,[M+H]+,,,,914458201,1320441,FRMYAMAGHYHNKF-UHFFFAOYSA-N,,,
#12383 451.1726@33.840 MS1+ [Scan #4012 @33.7772 MS2 +],,1,hr_msms_nist,73602,225.086,225,564,564,99,Acyclovir,1,C8H11N5O3,[2M+H]+,,,,59277893,1177460,MKUXAQIIEYXACX-UHFFFAOYSA-N,,,
#12392 435.2351@33.744 MS1+ [Scan #3969 @33.8192 MS2 +],,1,hr_msms_nist,661079,412.246,412,406,406,73.7,Andromedotoxin,1,C22H36O7,[M+Na]+,,,,4720096,3019219,NXCYBYJXCJWMRY-VGBBEZPXSA-N,,,
#12469 350.9871@34.304 MS1+ [Scan #4012 @34.1655 MS2 +],,1,lr_msms_nist,117698,326.001,326,455,455,43.1,Tris(1-chloro-2-propyl) phosphate,1,C9H18Cl3O4P,[M+Na+2i]+,,,,13674845,1585044,KVMPUXDNESXNOH-UHFFFAOYSA-N,,,
#12469 350.9871@34.304 MS1+ [Scan #4028 @34.1995 MS2 +],,1,lr_msms_nist,117698,326.001,326,420,420,44.1,Tris(1-chloro-2-propyl) phosphate,1,C9H18Cl3O4P,[M+Na+2i]+,,,,13674845,1585044,KVMPUXDNESXNOH-UHFFFAOYSA-N,,,
#12525 478.2736@34.815 MS1+ [Scan #4260 @34.7890 MS2 +],,1,hr_msms_nist,724082,477.263,477,634,634,98.4,"(8R,9a'S,10a'S)-1',1',4,4,12'-Pentamethyl-6',7',8',9',10',10a'-hexahydro-1'H,4H,11'H-spiro[1,4-dioxepino[2,3-g]indole-8,2'-[3a,9a](epiminomethano)cyclopenta[b]quinolizine]-9,11'(10H)-dione",1,C28H35N3O4,[M+H]+,,,,0,3103098,KYKUTNUWXQVSSU-DDOVHJNQSA-N,,,
#12525 478.2736@34.815 MS1+ [Scan #4088 @34.7717 MS2 +],,1,hr_msms_nist,724082,477.263,477,725,725,98.3,"(8R,9a'S,10a'S)-1',1',4,4,12'-Pentamethyl-6',7',8',9',10',10a'-hexahydro-1'H,4H,11'H-spiro[1,4-dioxepino[2,3-g]indole-8,2'-[3a,9a](epiminomethano)cyclopenta[b]quinolizine]-9,11'(10H)-dione",1,C28H35N3O4,[M+H]+,,,,0,3103098,KYKUTNUWXQVSSU-DDOVHJNQSA-N,,,
#12533 387.2142@34.781 MS1+ [Scan #4108 @34.8433 MS2 +],,1,biopep_msms_nist,6599,772.408,772,701,701,79.1,"Nocistatin (25-30), human",2,C32H56N10O12,[M+2H]2+,,,,0,0,,,,
#12553 469.1834@34.905 MS1+ [Scan #4224 @34.9308 MS2 +],,1,hr_msms_nist,700090,446.194,446,373,373,49.4,Gnaphalidin,1,C24H30O8,[M+Na]+,,,,70544922,3070025,GXQZOQHVBGNFHI-CZQCRYLRSA-N,,,
#12641 383.2040@35.496 MS1+ [Scan #4184 @35.4745 MS2 +],,1,lr_msms_nist,21612,382.196,382,484,484,33.5,PyroGlu-Pro-Arg,1,C16H26N6O5,[M+H]+,,,,0,1085695,JMRQLMOQNRXVDP-UHFFFAOYSA-N,,,
#12694 437.1934@35.736 MS1+ [Scan #4209 @35.6542 MS2 +],,1,hr_msms_nist,27155,436.193,436,767,767,100,Met-Met-Arg,1,C16H32N6O4S2,[M+H]+,,,,0,1094449,OXIWIYOJVNOKOV-UHFFFAOYSA-N,,,
#12696 453.1674@35.675 MS1+ [Scan #4384 @35.7140 MS2 +],,1,hr_msms_nist,613212,430.184,430,467,467,82.6,Phenethyl rutinoside,1,C20H30O10,[M+Na]+,,,,88510081,1955933,OKUGUNDXBGUFPA-OCGSKHJZSA-N,,,
#12698 473.2647@35.660 MS1+ [Scan #4452 @35.5655 MS2 +],,1,hr_msms_nist,776504,450.277,450,363,363,100,Celastrol,1,C29H38O4,[M+Na]+,,,,34157830,3174525,KQJSQWZMSAGSHN-JJWQIEBTSA-N,,,
#12705 392.2544@35.757 MS1+ [Scan #4200 @35.6138 MS2 +],,1,hr_msms_nist,249812,429.268,429,328,328,100,"5-Heptenamide, 7-[(1R,2R,3S,5S)-2-[(3R)-3-(2,3-dihydro-1H-inden-2-yl)-3-hydroxy-1-propen-1-yl]-3-fluoro-5-hydroxycyclopentyl]-N-ethyl-, (5Z)-",1,C26H36FNO3,[M+H-H3FO]+,,,,0,1439773,VABRORXFVJOSHQ-OXDHMAHTSA-N,,,
#12722 715.3773@35.803 MS1+ [Scan #4229 @35.8635 MS2 +],,1,biopep_msms_nist,24805,2857.505,2856,999,999,100,".beta.-Endorphin (1-26), human",4,C130H208N32O38S,[M+4H]4+,,,,0,0,,,,
#13430 413.2661@3.190 MS1+ [Scan #317 @2.9626 MS2 +],,1,hr_msms_nist,58505,390.277,390,636,636,99,Di-n-octyl phthalate,1,C24H38O4,[M+Na]+,,,,117840,1153082,MQIUGAXCHLFZKX-UHFFFAOYSA-N,,,
#14530 428.0368@8.272 MS1+ [Scan #976 @8.2109 MS2 +],,1,lr_msms_nist,13809,427.029,427,623,623,100,Adenosine 5'-diphosphate,1,C10H15N5O10P2,[M+H]+,,,,58640,1053868,XTWYTFMLZFPYCI-KQYNXXCUSA-N,,,
#14732 487.1801@8.869 MS1+ [Scan #1065 @8.8609 MS2 +],,1,lr_msms_nist,99477,464.197,464,495,495,87.8,Beclomethasone 21-propionate,1,C25H33ClO6,[M+Na]+,,,,69224799,1509808,OPNPEZLXXKGRTA-XGQKBEPLSA-N,,,
#14894 384.5650@9.715 MS1+ [Scan #1159 @9.6835 MS2 +],,1,lr_msms_nist,40560,767.115,767,430,430,100,Coenzyme A,2,C21H36N7O16P3S,[M+2H]2+,,,,85610,1162149,RGJOEKWQDUBAIZ-DRCCLKDXSA-N,,,
#14894 384.5650@9.715 MS1+ [Scan #1188 @9.6840 MS2 +],,1,lr_msms_nist,40560,767.115,767,508,508,100,Coenzyme A,2,C21H36N7O16P3S,[M+2H]2+,,,,85610,1162149,RGJOEKWQDUBAIZ-DRCCLKDXSA-N,,,
#15137 385.1288@10.730 MS1+ [Scan #1303 @10.6531 MS2 +],,1,lr_msms_nist,12494,384.122,384,415,415,100,S-(5'-Adenosyl)-L-homocysteine,1,C14H20N6O5S,[M+H]+,,,,979920,1051768,ZJUKTBDSGOFHSH-WFMPWKQPSA-N,,,
#15198 460.1941@11.231 MS1+ [Scan #1325 @11.1474 MS2 +],,1,lr_msms_nist,113585,459.187,459,921,921,87.3,(6S)-5-Methyltetrahydrofolic acid,1,C20H25N7O6,[M+H]+,,,,31690092,1570430,ZNOVTXRBGFNYRX-OLZOCXBDSA-N,,,
#15308 508.0031@11.709 MS1+ [Scan #1378 @11.5124 MS2 +],,1,lr_msms_nist,42022,743.075,743,595,595,99,.beta.-Nicotinamide adenine dinucleotide phosphate,1,C21H28N7O17P3,[M+2H]2+=>621.9=>508.0,,,,53598,1180398,XJLXINKUBYWONI-NNYOXOHSSA-N,,,
#15420 367.1264@12.486 MS1+ [Scan #1497 @12.3698 MS2 +],,1,hr_msms_nist,707949,422.173,422,359,359,55,8-Prenylluteone,1,C25H26O6,[M+H-C4H8]+,,,,125002917,3081039,VYELCIXMHUBNAL-UHFFFAOYSA-N,,,
#15420 367.1264@12.486 MS1+ [Scan #1481 @12.5647 MS2 +],,1,hr_msms_nist,604554,422.173,422,340,340,49.4,"6,8-Diprenylorobol",1,C25H26O6,[M+H-C4H8]+,,,,66777706,1944130,OAUIRSVJXOFAOO-UHFFFAOYSA-N,,,
#15426 688.1567@12.542 MS1+ [Scan #1480 @12.5553 MS2 +],,1,lr_msms_nist,12225,687.149,687,331,331,100,3'-Dephosphocoenzyme A,1,C21H35N7O13P2S,[M+H]+,,,,3633598,1051284,KDTSHFARGAKYJN-FTAFPTFXSA-N,,,
#15466 413.2007@12.969 MS1+ [Scan #1531 @13.0352 MS2 +],,1,hr_msms_nist,369326,390.204,390,501,501,81.9,Prostratin,1,C22H30O6,[M+Na]+,,,,60857081,1613913,BOJKFRKNLSCGHY-HXGSDTCMSA-N,,,
#15548 602.2898@13.758 MS1+ [Scan #1611 @13.8048 MS2 +],,1,biopep_msms_nist,38258,601.282,601,331,331,100,Sar-Arg-Gly-Asp-Ser-Pro,1,C23H39N9O10,[M+H]+,,"1/0,G,N-Methyl",,0,0,,,,
#15623 439.2437@14.466 MS1+ [Scan #1684 @14.4651 MS2 +],,1,biopep_msms_nist,12870,876.475,876,747,747,99,"Spinorphin, bovine",2,C45H64N8O10,[M+2H]2+,,,,0,0,,,,
#15623 439.2437@14.466 MS1+ [Scan #1667 @14.4410 MS2 +],,1,biopep_msms_nist,12870,876.475,876,761,761,99,"Spinorphin, bovine",2,C45H64N8O10,[M+2H]2+,,,,0,0,,,,
#15723 367.0733@15.538 MS1+ [Scan #1831 @15.5649 MS2 +],,1,hr_msms_nist,822415,366.071,366,385,385,77.2,"N-(1,1-Dioxidotetrahydro-3-thienyl)-2-[(4-methylphenoxy)methyl]-1,3-thiazole-4-carboxamide",1,C16H18N2O4S2,[M+H]+,,,,930994357,3225106,VINDBUONEPJWMV-UHFFFAOYSA-N,,,
#15741 413.0545@15.583 MS1+ [Scan #1802 @15.5575 MS2 +],,1,lr_msms_nist,155503,390.065,390,730,730,100,Phenyl{[4-phenyl-6-(trifluoromethyl)-2-pyrimidinyl]sulfanyl}acetic acid,1,C19H13F3N2O2S,[M+Na]+,,,,107072322,1833946,AQEVAFZLDGPQFC-UHFFFAOYSA-N,,,
#15741 413.0545@15.583 MS1+ [Scan #1864 @15.5718 MS2 +],,1,lr_msms_nist,155503,390.065,390,574,574,100,Phenyl{[4-phenyl-6-(trifluoromethyl)-2-pyrimidinyl]sulfanyl}acetic acid,1,C19H13F3N2O2S,[M+Na]+,,,,107072322,1833946,AQEVAFZLDGPQFC-UHFFFAOYSA-N,,,
#16025 481.2117@17.711 MS1+ [Scan #2010 @17.5742 MS2 +],,1,hr_msms_nist,506413,458.23,458,877,877,100,"Methyl 16-hydroxy-4,4,8,12,16-pentamethyl-15,17,19-trioxo-3,19-epoxyandrost-11-ene-14-carboxylate",1,C26H34O7,[M+Na]+,,,,1229025131,1821042,UPJBUABBBFMLGN-UHFFFAOYSA-N,,,
#16350 439.2415@19.735 MS1+ [Scan #2261 @19.7640 MS2 +],,1,biopep_msms_nist,12871,876.475,876,935,935,99,"Spinorphin, bovine",2,C45H64N8O10,[M+2H]2+,,,,0,0,,,,
#16350 439.2415@19.735 MS1+ [Scan #2233 @19.6208 MS2 +],,1,biopep_msms_nist,12870,876.475,876,967,967,98.7,"Spinorphin, bovine",2,C45H64N8O10,[M+2H]2+,,,,0,0,,,,
#16353 417.2596@19.797 MS1+ [Scan #2264 @19.7660 MS2 +],,1,lr_msms_nist,30225,416.254,416,484,484,100,Alfentanyl,1,C21H32N6O3,[M+H]+,,,,71195589,1119083,IDBPHNDTYPBSNI-UHFFFAOYSA-N,,,
#16532 378.2122@21.239 MS1+ [Scan #2536 @21.2402 MS2 +],,1,hr_msms_nist,372132,377.211,377,363,363,94.7,Ethyl (1-(5-fluoropentyl)-1H-indazole-3-carbonyl)-L-valinate,1,C20H28FN3O3,[M+H]+,,,,0,1617862,YWSYUMWEKPNAHT-KRWDZBQOSA-N,,,
#17011 481.2117@22.849 MS1+ [Scan #2621 @22.9038 MS2 +],,1,hr_msms_nist,506413,458.23,458,527,527,98.2,"Methyl 16-hydroxy-4,4,8,12,16-pentamethyl-15,17,19-trioxo-3,19-epoxyandrost-11-ene-14-carboxylate",1,C26H34O7,[M+Na]+,,,,1229025131,1821042,UPJBUABBBFMLGN-UHFFFAOYSA-N,,,
#17257 379.0698@25.208 MS1+ [Scan #3030 @25.1357 MS2 +],,1,hr_msms_nist,203423,356.088,356,403,403,98.6,Sulindac,1,C20H17FO3S,[M+Na]+,,,,38194502,1372810,MLKXDPUZXIRXEP-RQZCQDPDSA-N,,,
#17278 467.1677@25.327 MS1+ [Scan #2911 @25.3278 MS2 +],,1,hr_msms_nist,655556,444.178,444,510,510,100,"7-(Hydroxymethyl)-2,5a,11,11,13a-pentamethyl-3a,5a,6,8,12,13a,13b,13c-octahydrofuro[4,3,2-ij]pyrano[4',3':4,5]cyclohepta[1,2-f]isochromene-1,5,9,13(2H,11H)-tetrone",1,C24H28O8,[M+Na]+,,,,1212359982,3011573,JIEVZPUBUDASNE-UHFFFAOYSA-N,,,
#17278 467.1677@25.327 MS1+ [Scan #2890 @25.3167 MS2 +],,1,hr_msms_nist,109437,910.328,910,478,478,92.8,Man3 b,2,C34H58N2O26,[M+H+Na]2+,,,,0,1234405,,,,
#17289 467.1677@25.503 MS1+ [Scan #2924 @25.4510 MS2 +],,1,hr_msms_nist,109437,910.328,910,578,578,55.6,Man3 b,2,C34H58N2O26,[M+H+Na]2+,,,,0,1234405,,,,
#17389 457.1583@26.182 MS1+ [Scan #3170 @26.2187 MS2 +],,1,hr_msms_nist,20898,228.075,228,592,592,47.4,2'-Deoxyuridine,1,C9H12N2O5,[2M+H]+,,,,951780,1075510,MXHRCPNRJAMMIM-SHYZEUOFSA-N,,,
#17389 457.1583@26.182 MS1+ [Scan #2999 @26.2237 MS2 +],,1,hr_msms_nist,737135,456.142,456,478,478,99,Steganacin,1,C24H24O9,[M+H]+,,,,41451687,3134576,XJTXBUKLGQCZHC-XFQAVAEZSA-N,,,
#17391 435.1761@26.235 MS1+ [Scan #3006 @26.2780 MS2 +],,1,hr_msms_nist,625116,434.159,434,471,471,98.4,"3-(4-Hydroxy-2,2-dimethyl-1-oxo-3,3a-dihydroimidazo[1,2-a]indol-4-yl)-2-(4-oxoquinazolin-3-yl)propanoic acid",1,C23H22N4O5,[M+H]+,,,,1214828586,1971416,BMFPATPGMGPSGR-UHFFFAOYSA-N,,,
#17401 457.1582@26.382 MS1+ [Scan #3035 @26.3767 MS2 +],,1,hr_msms_nist,597074,434.179,434,539,539,38.8,"Methyl 3-ethoxy-8-(.beta.-D-glucopyranosyloxy)-1-methyl-4,4a,8,8a-tetrahydro-1H,3H-pyrano[3,4-c]pyran-5-carboxylate",1,C19H30O11,[M+Na]+,,,,0,1933938,IRKFOLIBBQDADK-WGXNBXMKSA-N,,,
#17463 457.1583@26.946 MS1+ [Scan #3143 @26.8690 MS2 +],,1,hr_msms_nist,20898,228.075,228,615,615,47.7,2'-Deoxyuridine,1,C9H12N2O5,[2M+H]+,,,,951780,1075510,MXHRCPNRJAMMIM-SHYZEUOFSA-N,,,
#17535 457.1581@27.515 MS1+ [Scan #3329 @27.4562 MS2 +],,1,hr_msms_nist,737135,456.142,456,482,482,99,Steganacin,1,C24H24O9,[M+H]+,,,,41451687,3134576,XJTXBUKLGQCZHC-XFQAVAEZSA-N,,,
#17554 457.1581@27.656 MS1+ [Scan #3194 @27.6353 MS2 +],,1,hr_msms_nist,737135,456.142,456,590,590,99,Steganacin,1,C24H24O9,[M+H]+,,,,41451687,3134576,XJTXBUKLGQCZHC-XFQAVAEZSA-N,,,
#17554 457.1581@27.656 MS1+ [Scan #3311 @27.5918 MS2 +],,1,hr_msms_nist,737135,456.142,456,590,590,98.9,Steganacin,1,C24H24O9,[M+H]+,,,,41451687,3134576,XJTXBUKLGQCZHC-XFQAVAEZSA-N,,,
#17557 467.1676@27.647 MS1+ [Scan #3228 @27.5698 MS2 +],,1,hr_msms_nist,655556,444.178,444,620,620,95.8,"7-(Hydroxymethyl)-2,5a,11,11,13a-pentamethyl-3a,5a,6,8,12,13a,13b,13c-octahydrofuro[4,3,2-ij]pyrano[4',3':4,5]cyclohepta[1,2-f]isochromene-1,5,9,13(2H,11H)-tetrone",1,C24H28O8,[M+Na]+,,,,1212359982,3011573,JIEVZPUBUDASNE-UHFFFAOYSA-N,,,
#17803 499.2050@30.315 MS1+ [Scan #3508 @30.2967 MS2 +],,1,hr_msms_nist,718145,476.206,476,618,618,54.8,"Methyl 3-[4-hydroxy-2-(2-methylpropyl)-1-oxo-3,3a-dihydro-2H-imidazo[1,2-a]indol-4-yl]-2-(4-oxoquinazolin-3-yl)propanoate",1,C26H28N4O5,[M+Na]+,,,,1793896395,3094986,XSMFFOWECZCAFL-UHFFFAOYSA-N,,,
#17913 557.2469@31.398 MS1+ [Scan #3853 @31.4187 MS2 +],,1,hr_msms_nist,292972,556.237,556,612,612,79.9,4-Hydroxyatorvastatin lactone,1,C33H33FN2O5,[M+H]+,,,,163217707,1502676,KDJMDZSAAFACAM-KAYWLYCHSA-N,,,
#17942 369.1608@31.659 MS1+ [Scan #3881 @31.6212 MS2 +],,1,hr_msms_nist,597299,346.178,346,816,816,99,"9,11,18-Trihydroxy-6,18-epoxypimara-5,8(14),15-trien-7-one",1,C20H26O5,[M+Na]+,,,,0,1934267,DVIBNAPGGXYIPD-UHFFFAOYSA-N,,,
#17944 375.1688@31.627 MS1+ [Scan #3699 @31.6453 MS2 +],,1,hr_msms_nist,847946,352.175,352,433,433,98.9,Ethyl 2-(4-(t-BOC)piperazin-1-yl)-4-hydroxypyrimidine-5-carboxylate,1,C16H24N4O5,[M+Na]+,,,,1065074318,3257440,QKKFACJXVJWDAL-UHFFFAOYSA-N,,,
#17951 375.1689@31.712 MS1+ [Scan #3699 @31.6453 MS2 +],,1,hr_msms_nist,847946,352.175,352,433,433,98.9,Ethyl 2-(4-(t-BOC)piperazin-1-yl)-4-hydroxypyrimidine-5-carboxylate,1,C16H24N4O5,[M+Na]+,,,,1065074318,3257440,QKKFACJXVJWDAL-UHFFFAOYSA-N,,,
#17999 526.2585@32.057 MS1+ [Scan #3757 @32.1142 MS2 +],,1,hr_msms_nist,229581,525.248,525,622,622,100,Virginiamycin component b,1,C28H35N3O7,[M+H]+,,,,0,1411474,DAIKHDNSXMZDCU-ZFGFZPGFSA-N,,,
#18179 376.2591@33.542 MS1+ [Scan #4106 @33.3597 MS2 +],,1,lr_msms_nist,18802,375.248,375,737,737,99,Lys-Thr-Lys,1,C16H33N5O5,[M+H]+,,,,0,1082554,YKBSXQFZWFXFIB-UHFFFAOYSA-N,,,
#18182 398.2410@33.565 MS1+ [Scan #4158 @33.3757 MS2 +],,1,hr_msms_nist,49604,397.229,397,996,996,24.6,"N-(Methylsulfonyl)-13-(3-pentyloxiranyl)-5Z,8Z,11Z-tridecatrienamide",1,C21H35NO4S,[M+H]+,,,,218461973,1139452,UPGGGACSUDOHOT-AWVFLLPBSA-N,,,
#18196 414.2151@33.534 MS1+ [Scan #3908 @33.5330 MS2 +],,1,hr_msms_nist,841317,391.236,391,948,948,85.5,"(3R,6S,6aS,10S,12aS,13aR,14S)-1-Ethyl-12a,14-dihydroxy-6-methoxy-3-methyl-8-oxotetradecahydro-7H-3,6a,13-(epiethane[1,1,2]triyl)-7,10-methanooxepino[3',4':4,5]benzo[1,2-b]azocine",1,C22H33NO5,[M+Na]+,,,,3328845,3249221,YPSAOPXJHSESSR-AKJDBWIISA-N,,,
#18200 469.1832@33.609 MS1+ [Scan #4137 @33.5878 MS2 +],,1,hr_msms_nist,700090,446.194,446,364,364,79.4,Gnaphalidin,1,C24H30O8,[M+Na]+,,,,70544922,3070025,GXQZOQHVBGNFHI-CZQCRYLRSA-N,,,
#18200 469.1832@33.609 MS1+ [Scan #3932 @33.5297 MS2 +],,1,hr_msms_nist,700090,446.194,446,403,403,42.2,Gnaphalidin,1,C24H30O8,[M+Na]+,,,,70544922,3070025,GXQZOQHVBGNFHI-CZQCRYLRSA-N,,,
#18214 435.2352@33.500 MS1+ [Scan #4150 @33.5583 MS2 +],,1,hr_msms_nist,661079,412.246,412,549,549,85.1,Andromedotoxin,1,C22H36O7,[M+Na]+,,,,4720096,3019219,NXCYBYJXCJWMRY-VGBBEZPXSA-N,,,
#18246 398.2411@34.059 MS1+ [Scan #4036 @33.9357 MS2 +],,1,hr_msms_nist,935289,397.225,397,985,985,53.3,2-{[4-(Dipentylamino)-2-hydroxyphenyl]carbonyl}benzoic acid,1,C24H31NO4,[M+H]+,,,,134338991,3371529,FHHJEXZQGLHKOT-UHFFFAOYSA-N,,,
#18281 469.1833@34.106 MS1+ [Scan #4056 @34.0697 MS2 +],,1,hr_msms_nist,770757,536.242,536,352,352,75.9,Okaramine R,1,C32H32N4O4,[M+H-C5H8]+,,,,263905028,3168396,BUTLVTAFDGYVNP-PFBNVUBMSA-N,,,
#18409 469.1831@35.252 MS1+ [Scan #4401 @35.1932 MS2 +],,1,hr_msms_nist,700090,446.194,446,469,469,56.2,Gnaphalidin,1,C24H30O8,[M+Na]+,,,,70544922,3070025,GXQZOQHVBGNFHI-CZQCRYLRSA-N,,,
#18459 415.2116@35.675 MS1+ [Scan #4185 @35.5140 MS2 +],,1,hr_msms_nist,762375,414.204,414,572,572,96.8,Myrtucommulone B,1,C24H30O6,[M+H]+,,,,54247233,3159854,AYAUOXWJIWVPSO-UHFFFAOYSA-N,,,
#18473 620.4368@35.629 MS1+ [Scan #4172 @35.4097 MS2 +],,1,MoNA-export-LipidBlast,59789,619.421,619,337,337,100,PC 24:1,1,C32H62NO8P,[M+H]+,,,,0,0,JRZDCWMBKQGBLM-YPKPFQOOSA-N,,,
#18492 359.1642@35.583 MS1+ [Scan #4227 @35.8287 MS2 +],,1,hr_msms_nist,220755,314.184,314,351,351,100,Loxistatin acid,1,C15H26N2O5,[M+2Na-H]+,,,,76684894,1398540,SCMSYZJDIQPSDI-UNXYVOJBSA-N,,,
#18544 357.1471@35.953 MS1+ [Scan #4415 @35.9672 MS2 +],,1,hr_msms_nist,249158,436.134,436,638,638,81.8,"1-Propanone, 1-[4-(5'-chloro-3,5-dimethyl[2,4'-bipyridin]-2'-yl)-1-piperazinyl]-3-(methylsulfonyl)-",1,C20H25ClN4O3S,[M+H-CH4SO2]+,,,,1373615350,1438887,BBVNTTZIOTWDSV-UHFFFAOYSA-N,,,
#18544 357.1471@35.953 MS1+ [Scan #4215 @35.9192 MS2 +],,1,hr_msms_nist,249158,436.134,436,709,709,77.4,"1-Propanone, 1-[4-(5'-chloro-3,5-dimethyl[2,4'-bipyridin]-2'-yl)-1-piperazinyl]-3-(methylsulfonyl)-",1,C20H25ClN4O3S,[M+H-CH4SO2]+,,,,1373615350,1438887,BBVNTTZIOTWDSV-UHFFFAOYSA-N,,,
#19261 367.1210@3.563 MS1+ [Scan #419 @3.5369 MS2 +],,1,hr_msms_nist,364262,423.162,423,332,332,98.8,"1-[[4,5-Bis(4-methoxyphenyl)-2-thiazolyl]carbonyl]-4-methylpiperazine",1,C23H25N3O3S,[M+H-C3H7N]+,,,,130717225,1606730,UBHKJRYGKOSQDJ-UHFFFAOYSA-N,,,
#19338 365.1055@3.799 MS1+ [Scan #443 @3.5499 MS2 +],,1,hr_msms_nist,14730,342.116,342,882,882,24.7,Lactose,1,C12H22O11,[M+Na]+,,,,63423,1069138,GUBGYTABKSRVRQ-JMNOBNSJSA-N,,,
#19525 351.0411@5.088 MS1+ [Scan #616 @5.0063 MS2 +],,1,hr_msms_nist,271740,175.013,175,333,333,100,(-)-Sulforaphene,1,C6H9NOS2,[2M+H]+,,,,592950,1473070,QKGJFQMGPDVOQE-HWKANZROSA-N,,,
#19735 399.1445@6.994 MS1+ [Scan #812 @6.7547 MS2 +],,1,lr_msms_nist,13823,398.137,398,309,309,100,S-Adenosyl-L-methionine,1,C15H22N6O5S,[M+H]+,,,,29908030,1053891,MEFKEPWMEQBLKI-VYZPSVTPSA-N,,,
#19820 1175.3687@7.321 MS1+ [Scan #885 @7.2075 MS2 +],,1,hr_msms_nist,1024001,1152.38,1152,400,400,77.6,Celloheptaose,1,C42H72O36,[M+Na]+,,,,52646272,3480064,,,,
#19820 1175.3687@7.321 MS1+ [Scan #878 @7.2031 MS2 +],,1,lr_msms_nist,48654,1152.38,1152,387,387,99,Maltoheptaose,1,C42H72O36,[M+Na]+,,,,34620785,1261391,BNABBHGYYMZMOA-WPQHDQNLSA-N,,,
#19989 542.0687@8.030 MS1+ [Scan #974 @7.9860 MS2 +],,1,lr_msms_nist,41228,541.061,541,491,491,100,Cyclic adenosine diphosphate ribose,1,C15H21N5O13P2,[M+H]+,,,,119340533,1173070,BQOHYSXSASDCEA-AUFQSWFVSA-N,,,
#19989 542.0687@8.030 MS1+ [Scan #964 @7.9505 MS2 +],,1,lr_msms_nist,41228,541.061,541,375,375,100,Cyclic adenosine diphosphate ribose,1,C15H21N5O13P2,[M+H]+,,,,119340533,1173070,BQOHYSXSASDCEA-AUFQSWFVSA-N,,,
#20130 542.0687@8.486 MS1+ [Scan #993 @8.3887 MS2 +],,1,lr_msms_nist,41228,541.061,541,360,360,100,Cyclic adenosine diphosphate ribose,1,C15H21N5O13P2,[M+H]+,,,,119340533,1173070,BQOHYSXSASDCEA-AUFQSWFVSA-N,,,
#20268 389.1320@9.265 MS1+ [Scan #1133 @9.1269 MS2 +],,1,hr_msms_nist,104062,388.131,388,301,301,99,"4'-Benzyloxy-5,7-dimethoxyflavone",1,C24H20O5,[M+H]+,,,,22812153,1224021,AXGDCWQADWNGMH-UHFFFAOYSA-N,,,
#20309 428.0367@9.479 MS1+ [Scan #1166 @9.4906 MS2 +],,1,lr_msms_nist,13809,427.029,427,485,485,99,Adenosine 5'-diphosphate,1,C10H15N5O10P2,[M+H]+,,,,58640,1053868,XTWYTFMLZFPYCI-KQYNXXCUSA-N,,,
#20408 442.1471@9.940 MS1+ [Scan #1212 @9.8747 MS2 +],,1,lr_msms_nist,47058,441.14,441,887,887,100,Folic acid,1,C19H19N7O6,[M+H]+,,,,59303,1237300,OVBPIULPVIDEAO-LBPRGKRZSA-N,,,
#20408 442.1471@9.940 MS1+ [Scan #1205 @9.8761 MS2 +],,1,lr_msms_nist,47058,441.14,441,765,765,100,Folic acid,1,C19H19N7O6,[M+H]+,,,,59303,1237300,OVBPIULPVIDEAO-LBPRGKRZSA-N,,,
#20628 362.0860@10.593 MS1+ [Scan #1301 @10.5430 MS2 +],,1,hr_msms_nist,162320,404.09,404,419,419,98.5,"3-Pyridinecarboxamide, 6-[(aminocarbonyl)(2,6-difluorophenyl)amino]-2-(2,4-difluorophenyl)-",1,C19H12F4N4O2,[M+H-CHNO]+,,,,745833232,1314147,FYSRKRZDBHOFAY-UHFFFAOYSA-N,,,
#20847 408.2240@11.608 MS1+ [Scan #1416 @11.6329 MS2 +],,1,hr_msms_nist,863656,407.21,407,343,343,96.2,Buxifoliadine A,1,C25H29NO4,[M+H]+,,,,263007654,3277178,XCHVRLXEQIEULZ-UHFFFAOYSA-N,,,
#20893 442.1471@12.173 MS1+ [Scan #1490 @12.1515 MS2 +],,1,lr_msms_nist,47058,441.14,441,792,792,100,Folic acid,1,C19H19N7O6,[M+H]+,,,,59303,1237300,OVBPIULPVIDEAO-LBPRGKRZSA-N,,,
#20905 352.1478@12.373 MS1+ [Scan #1511 @12.3369 MS2 +],,1,hr_msms_nist,197110,352.155,352,674,674,99,Palmatine cation,1,C21H22NO4,[Cat]+,,,,3486677,1363294,QUCQEUCGKKTEBI-UHFFFAOYSA-N,,,
#20932 413.2007@12.645 MS1+ [Scan #1539 @12.7085 MS2 +],,1,hr_msms_nist,273554,824.4,824,714,714,99,Vincristine,2,C46H56N4O10,[M+2H]2+,,,,57227,1475666,OGWKCGZFUXNPDA-CFWMRBGOSA-N,,,
#21140 361.0829@13.462 MS1+ [Scan #1632 @13.3946 MS2 +],,1,hr_msms_nist,358181,666.222,666,873,873,98.8,"3.alpha.,4.beta.,3.alpha.-Galactotetraose",2,C24H42O21,[M+Fe]2+,,,,56038381,1597481,HEAHRYDVILRNFD-FGKFJTINSA-N,,,
#21233 411.1672@13.904 MS1+ [Scan #1673 @13.8840 MS2 +],,1,hr_msms_nist,519509,393.142,393,310,310,95.3,"Diethyl 4-hydroxy-4-methyl-2-(4-nitrophenyl)-6-oxo-1,3-cyclohexanedicarboxylate",1,C19H23NO8,[M+NH4]+,,,,93711150,1838064,LRQXDKAQYSRKPX-UHFFFAOYSA-N,,,
#21249 439.2435@14.106 MS1+ [Scan #1723 @14.2000 MS2 +],,1,biopep_msms_nist,12870,876.475,876,967,967,99,"Spinorphin, bovine",2,C45H64N8O10,[M+2H]2+,,,,0,0,,,,
#21249 439.2435@14.106 MS1+ [Scan #1695 @14.0685 MS2 +],,1,biopep_msms_nist,12870,876.475,876,756,756,99,"Spinorphin, bovine",2,C45H64N8O10,[M+2H]2+,,,,0,0,,,,
#21249 439.2435@14.106 MS1+ [Scan #1681 @14.1603 MS2 +],,1,biopep_msms_nist,12870,876.475,876,769,769,99,"Spinorphin, bovine",2,C45H64N8O10,[M+2H]2+,,,,0,0,,,,
#21394 413.0545@15.154 MS1+ [Scan #1795 @15.1535 MS2 +],,1,lr_msms_nist,155503,390.065,390,478,478,100,Phenyl{[4-phenyl-6-(trifluoromethyl)-2-pyrimidinyl]sulfanyl}acetic acid,1,C19H13F3N2O2S,[M+Na]+,,,,107072322,1833946,AQEVAFZLDGPQFC-UHFFFAOYSA-N,,,
#21823 365.1571@17.301 MS1+ [Scan #2033 @17.2558 MS2 +],,1,hr_msms_nist,24358,364.142,364,312,312,56.3,Cys-Asp-Lys,1,C13H24N4O6S,[M+H]+,,,,0,1091647,YMBAVNPKBWHDAW-UHFFFAOYSA-N,,,
#21901 363.0580@17.537 MS1+ [Scan #2049 @17.3990 MS2 +],,1,hr_msms_nist,788765,362.049,362,680,680,99,3-[2-Hydroxy-5-(trifluoromethyl)phenyl]-6-(trifluoromethyl)-1H-benzimidazol-2-one,1,C15H8F6N2O2,[M+H]+,,,,153587010,3186881,YLFMCMWKHSDUCT-UHFFFAOYSA-N,,,
#22163 490.1759@18.426 MS1+ [Scan #2129 @18.4335 MS2 +],,1,hr_msms_nist,170568,489.164,489,665,665,100,"Benzo[b]thiophene-2-carboxamide, 3-chloro-N-[trans-4-(methylamino)cyclohexyl]-N-[[3-(4-pyridinyl)phenyl]methyl]-",1,C28H28ClN3OS,[M+H]+,,,,912545869,1325974,VFSUUTYAEQOIMW-YHBQERECSA-N,,,
#22538 400.1941@20.962 MS1+ [Scan #2548 @21.0353 MS2 +],,1,hr_msms_nist,727403,399.183,399,614,614,87.4,"6'-(Diethylamino)-1',3'-dimethyl-3H-spiro[isobenzofuran-1,9'-xanthen]-3-one",1,C26H25NO3,[M+H]+,,,,21934689,3122387,XUFBVJQHCCCPNM-UHFFFAOYSA-N,,,
#23273 467.1678@25.228 MS1+ [Scan #3083 @25.2142 MS2 +],,1,hr_msms_nist,655556,444.178,444,452,452,92.7,"7-(Hydroxymethyl)-2,5a,11,11,13a-pentamethyl-3a,5a,6,8,12,13a,13b,13c-octahydrofuro[4,3,2-ij]pyrano[4',3':4,5]cyclohepta[1,2-f]isochromene-1,5,9,13(2H,11H)-tetrone",1,C24H28O8,[M+Na]+,,,,1212359982,3011573,JIEVZPUBUDASNE-UHFFFAOYSA-N,,,
#23757 499.2051@30.122 MS1+ [Scan #3732 @30.1187 MS2 +],,1,hr_msms_nist,718145,476.206,476,662,662,56.1,"Methyl 3-[4-hydroxy-2-(2-methylpropyl)-1-oxo-3,3a-dihydro-2H-imidazo[1,2-a]indol-4-yl]-2-(4-oxoquinazolin-3-yl)propanoate",1,C26H28N4O5,[M+Na]+,,,,1793896395,3094986,XSMFFOWECZCAFL-UHFFFAOYSA-N,,,
#23766 499.2048@30.197 MS1+ [Scan #3732 @30.1187 MS2 +],,1,hr_msms_nist,718145,476.206,476,662,662,56.1,"Methyl 3-[4-hydroxy-2-(2-methylpropyl)-1-oxo-3,3a-dihydro-2H-imidazo[1,2-a]indol-4-yl]-2-(4-oxoquinazolin-3-yl)propanoate",1,C26H28N4O5,[M+Na]+,,,,1793896395,3094986,XSMFFOWECZCAFL-UHFFFAOYSA-N,,,
#23935 373.1179@31.902 MS1+ [Scan #3964 @31.8533 MS2 +],,1,hr_msms_nist,294563,372.114,372,819,819,98.4,"2,4-Thiazolidinedione, 5-[[4-[2-(5-ethyl-2-pyridinyl)-2-hydroxyethoxy]phenyl]methyl]-",1,C19H20N2O4S,[M+H]+,,,,101931004,1505027,RMTFRGFLVHAYCI-UHFFFAOYSA-N,,,
#23941 557.2468@31.920 MS1+ [Scan #3866 @32.0505 MS2 +],,1,hr_msms_nist,292972,556.237,556,660,660,79.6,4-Hydroxyatorvastatin lactone,1,C33H33FN2O5,[M+H]+,,,,163217707,1502676,KDJMDZSAAFACAM-KAYWLYCHSA-N,,,
#23941 557.2468@31.920 MS1+ [Scan #3781 @31.8890 MS2 +],,1,hr_msms_nist,625265,574.241,574,532,532,84.7,"(4R,4aR,7S,8S,10S,11S,11aR,12aS)-4-(Furan-3-yl)-11-hydroxy-8-((1R)-1-hydroxy-2-methoxy-2-oxoethyl)-4a,7,9,9-tetramethyl-2,13-dioxododecahydro-2H,4H-7,11-methanooxireno[1,8]cycloocta[1,2-f]isochromen-10-yl propanoate",1,C30H38O11,[M+H-H2O]+,,,,1212431054,1971625,FZBGZDZLYSLJFE-MVAMGWTESA-N,,,
#24074 451.1726@33.090 MS1+ [Scan #3984 @33.0838 MS2 +],,1,lr_msms_nist,56865,428.184,428,456,456,98.8,Garcinone D,1,C24H28O7,[M+Na]+,,,,107390089,1311921,TYALNCRUIKOKGP-UHFFFAOYSA-N,,,
#24135 435.2353@33.807 MS1+ [Scan #3969 @33.8192 MS2 +],,1,hr_msms_nist,661079,412.246,412,406,406,73.7,Andromedotoxin,1,C22H36O7,[M+Na]+,,,,4720096,3019219,NXCYBYJXCJWMRY-VGBBEZPXSA-N,,,
#24158 376.2593@34.059 MS1+ [Scan #4032 @33.9143 MS2 +],,1,hr_msms_nist,28921,375.248,375,392,392,87.1,Thr-Lys-Lys,1,C16H33N5O5,[M+H]+,,,,0,1096219,MGJLBZFUXUGMML-UHFFFAOYSA-N,,,
#24182 412.2846@34.281 MS1+ [Scan #4287 @34.3305 MS2 +],,1,lr_msms_nist,66460,465.309,465,322,322,100,Glycocholic acid,1,C26H43NO6,[M+H-3H2O]+,,,,475310,1359147,RFDAIACWWDREDC-FRVQLJSFSA-N,,,
#24342 357.1471@35.646 MS1+ [Scan #4307 @35.4938 MS2 +],,1,hr_msms_nist,231890,356.148,356,640,640,94.3,"Benzeneacetamide, N-(4-amino-5-cyano-6-ethoxy-2-pyridinyl)-2,5-dimethoxy-",1,C18H20N4O4,[M+H]+,,,,894804070,1414582,KQMPRSZTUSSXND-UHFFFAOYSA-N,,,
#25598 350.1525@7.698 MS1+ [Scan #934 @7.6594 MS2 +],,1,lr_msms_nist,203697,349.146,349,488,488,99,"N-[2-(4-Morpholinyl)propyl]-4-oxo-2,3,4,5-tetrahydro-1,5-benzothiazepine-7-carboxamide",1,C17H23N3O3S,[M+H]+,,,,1197887685,3261120,MNYMDWGPOVDYSU-UHFFFAOYSA-N,,,
#26011 367.1264@12.171 MS1+ [Scan #1469 @12.2394 MS2 +],,1,hr_msms_nist,707949,422.173,422,391,391,55.3,8-Prenylluteone,1,C25H26O6,[M+H-C4H8]+,,,,125002917,3081039,VYELCIXMHUBNAL-UHFFFAOYSA-N,,,
#26011 367.1264@12.171 MS1+ [Scan #1479 @12.1609 MS2 +],,1,hr_msms_nist,604554,422.173,422,307,307,95.9,"6,8-Diprenylorobol",1,C25H26O6,[M+H-C4H8]+,,,,66777706,1944130,OAUIRSVJXOFAOO-UHFFFAOYSA-N,,,
#26193 439.2439@13.998 MS1+ [Scan #1727 @13.9881 MS2 +],,1,biopep_msms_nist,12870,876.475,876,980,980,97.2,"Spinorphin, bovine",2,C45H64N8O10,[M+2H]2+,,,,0,0,,,,
#26309 383.0470@15.088 MS1+ [Scan #1815 @15.0958 MS2 +],,1,hr_msms_nist,405717,382.033,382,403,403,100,"Ethyl 7-chloro-1-(2,4-difluorophenyl)-6-fluoro-4-oxo-1,4-dihydro[1,8]naphthyridine-3-carboxylate",1,C17H10ClF3N2O3,[M+H]+,,,,100491290,1659845,JLSXYCZRMYCIMY-UHFFFAOYSA-N,,,
#26319 361.0652@15.045 MS1+ [Scan #1863 @15.0642 MS2 +],,1,hr_msms_nist,264069,338.079,338,357,357,98.7,O-Methylsterigmatocystin,1,C19H14O6,[M+Na]+,,,,17878692,1461754,JKUJKKGMOZDDJV-ZRNGKTOUSA-N,,,
#26504 365.1571@17.061 MS1+ [Scan #2114 @17.0677 MS2 +],,1,hr_msms_nist,24575,364.153,364,358,358,50.5,Cys-Ser-Arg,1,C12H24N6O5S,[M+H]+,,,,0,1091864,BCFXQBXXDSEHRS-UHFFFAOYSA-N,,,
#27423 629.3145@23.005 MS1+ [Scan #2894 @23.0117 MS2 +],,1,hr_msms_nist,222458,628.304,628,433,433,82.7,Gambogic acid,1,C38H44O8,[M+H]+,,,,2752650,1401192,GEZHEQNLKAOMCA-RRZNCOCZSA-N,,,
#27630 359.1070@25.092 MS1+ [Scan #3167 @24.9848 MS2 +],,1,lr_msms_nist,84426,426.065,426,797,797,99,"Pyrido[2,3-d]pyrimidin-7(8H)-one, 6-(2,6-dichlorophenyl)-2-[[3-(hydroxymethyl)phenyl]amino]-8-methyl-",1,C21H16Cl2N4O2,[M+H]+=>374.1=>359.1,,,,185039912,1441358,ZIQFYVPVJZEOFS-UHFFFAOYSA-N,,,
#27738 389.1141@26.239 MS1+ [Scan #3058 @26.2023 MS2 +],,1,hr_msms_nist,759174,388.116,388,804,804,99,5-O-Demethylnobiletin,1,C20H20O8,[M+H]+,,,,2174596,3156631,DOFJNFPSMUCECH-UHFFFAOYSA-N,,,
#27836 457.1582@27.101 MS1+ [Scan #3143 @27.0233 MS2 +],,1,hr_msms_nist,737135,456.142,456,523,523,98.8,Steganacin,1,C24H24O9,[M+H]+,,,,41451687,3134576,XJTXBUKLGQCZHC-XFQAVAEZSA-N,,,
#28305 557.2468@31.622 MS1+ [Scan #3652 @31.4713 MS2 +],,1,hr_msms_nist,625265,574.241,574,557,557,83.3,"(4R,4aR,7S,8S,10S,11S,11aR,12aS)-4-(Furan-3-yl)-11-hydroxy-8-((1R)-1-hydroxy-2-methoxy-2-oxoethyl)-4a,7,9,9-tetramethyl-2,13-dioxododecahydro-2H,4H-7,11-methanooxireno[1,8]cycloocta[1,2-f]isochromen-10-yl propanoate",1,C30H38O11,[M+H-H2O]+,,,,1212431054,1971625,FZBGZDZLYSLJFE-MVAMGWTESA-N,,,
#28399 451.1725@32.750 MS1+ [Scan #4236 @32.7128 MS2 +],,1,hr_msms_nist,160902,428.184,428,497,497,73.2,Garcinone D,1,C24H28O7,[M+Na]+,,,,107390089,1311914,TYALNCRUIKOKGP-UHFFFAOYSA-N,,,
#28414 451.1727@32.879 MS1+ [Scan #4236 @32.7128 MS2 +],,1,hr_msms_nist,160902,428.184,428,497,497,73.2,Garcinone D,1,C24H28O7,[M+Na]+,,,,107390089,1311914,TYALNCRUIKOKGP-UHFFFAOYSA-N,,,
#28427 398.2412@33.050 MS1+ [Scan #4265 @32.9335 MS2 +],,1,hr_msms_nist,49604,397.229,397,927,927,23.2,"N-(Methylsulfonyl)-13-(3-pentyloxiranyl)-5Z,8Z,11Z-tridecatrienamide",1,C21H35NO4S,[M+H]+,,,,218461973,1139452,UPGGGACSUDOHOT-AWVFLLPBSA-N,,,
#28435 414.2152@33.064 MS1+ [Scan #4269 @32.9585 MS2 +],,1,hr_msms_nist,28135,413.202,413,799,799,99,PyroGlu-Gln-Arg,1,C16H27N7O6,[M+H]+,,,,0,1095433,YREWIBVCENPXOR-UHFFFAOYSA-N,,,
#28509 350.9871@33.599 MS1+ [Scan #4344 @33.4803 MS2 +],,1,lr_msms_nist,117698,326.001,326,372,372,43.4,Tris(1-chloro-2-propyl) phosphate,1,C9H18Cl3O4P,[M+Na+2i]+,,,,13674845,1585044,KVMPUXDNESXNOH-UHFFFAOYSA-N,,,
#28543 350.9871@33.735 MS1+ [Scan #4059 @33.6510 MS2 +],,1,lr_msms_nist,117698,326.001,326,615,615,68.5,Tris(1-chloro-2-propyl) phosphate,1,C9H18Cl3O4P,[M+Na+2i]+,,,,13674845,1585044,KVMPUXDNESXNOH-UHFFFAOYSA-N,,,
#28603 478.2735@34.365 MS1+ [Scan #4147 @34.3430 MS2 +],,1,hr_msms_nist,724082,477.263,477,830,830,98.3,"(8R,9a'S,10a'S)-1',1',4,4,12'-Pentamethyl-6',7',8',9',10',10a'-hexahydro-1'H,4H,11'H-spiro[1,4-dioxepino[2,3-g]indole-8,2'-[3a,9a](epiminomethano)cyclopenta[b]quinolizine]-9,11'(10H)-dione",1,C28H35N3O4,[M+H]+,,,,0,3103098,KYKUTNUWXQVSSU-DDOVHJNQSA-N,,,
#28708 437.1934@35.208 MS1+ [Scan #4582 @35.1322 MS2 +],,1,hr_msms_nist,27155,436.193,436,787,787,82.8,Met-Met-Arg,1,C16H32N6O4S2,[M+H]+,,,,0,1094449,OXIWIYOJVNOKOV-UHFFFAOYSA-N,,,
#29183 483.9918@3.035 MS1+ [Scan #333 @3.1319 MS2 +],,1,lr_msms_nist,40437,482.985,483,362,362,100,Cytidine 5'-triphosphate,1,C9H16N3O14P3,[M+H]+,,,,65474,1161216,PCDQPRRSZKQHHS-XVFCMESISA-N,,,
#29183 483.9918@3.035 MS1+ [Scan #321 @3.0371 MS2 +],,1,lr_msms_nist,40437,482.985,483,335,335,100,Cytidine 5'-triphosphate,1,C9H16N3O14P3,[M+H]+,,,,65474,1161216,PCDQPRRSZKQHHS-XVFCMESISA-N,,,
#30158 635.1415@3.643 MS1+ [Scan #451 @3.8194 MS2 +],,1,lr_msms_nist,13817,612.152,612,570,570,100,"Glutathione, oxidized",1,C20H32N6O12S2,[M+Na]+,,,,27025418,1053878,YPZRWBKMTBYPTK-BJDJZHNGSA-N,,,
#30350 484.2768@4.110 MS1+ [Scan #498 @4.0697 MS2 +],,1,hr_msms_nist,718744,501.273,501,770,770,99,"(2S)-2-[(2R,3S,7R,8R,8aS)-2,3,4'-Trihydroxy-4,4,7,8a-tetramethyl-6'-oxospiro[2,3,4a,5,6,7-hexahydro-1H-naphthalene-8,2'-3,8-dihydrofuro[2,3-e]isoindole]-7'-yl]-3-methylbutanoic acid",1,C28H39NO7,[M+H-H2O]+,,,,685141564,3095818,JJWKFIISZGZPHY-PTNCSMPOSA-N,,,
#30666 560.0792@6.156 MS1+ [Scan #718 @5.9612 MS2 +],,1,lr_msms_nist,40469,559.072,559,789,789,100,Adenosine 5'-diphosphoribose,1,C15H23N5O14P2,[M+H]+,,,,20762305,1161406,SRNWOUGRCWSEMX-TYASJMOZSA-N,,,
#30699 380.1121@6.665 MS1+ [Scan #784 @6.5202 MS2 +],,1,lr_msms_nist,139894,379.105,379,566,566,100,S-Lactoylglutathione,1,C13H21N3O8S,[M+H]+,,,,25138663,1704402,VDYDCVUWILIYQF-ALKRTJFJSA-N,,,
#30767 771.2637@7.502 MS1+ [Scan #893 @7.5582 MS2 +],,1,hr_msms_nist,353439,748.275,748,876,876,98.9,Lec,1,C28H48N2O21,[M+Na]+,,,,0,1590877,,,,
#31562 384.5649@10.395 MS1+ [Scan #1237 @10.3329 MS2 +],,1,lr_msms_nist,40560,767.115,767,409,409,100,Coenzyme A,2,C21H36N7O16P3S,[M+2H]2+,,,,85610,1162149,RGJOEKWQDUBAIZ-DRCCLKDXSA-N,,,
#31567 428.0367@10.395 MS1+ [Scan #1240 @10.3510 MS2 +],,1,lr_msms_nist,13809,427.029,427,409,409,99,Adenosine 5'-diphosphate,1,C10H15N5O10P2,[M+H]+,,,,58640,1053868,XTWYTFMLZFPYCI-KQYNXXCUSA-N,,,
#31661 442.1474@10.856 MS1+ [Scan #1297 @10.8284 MS2 +],,1,lr_msms_nist,47058,441.14,441,804,804,100,Folic acid,1,C19H19N7O6,[M+H]+,,,,59303,1237300,OVBPIULPVIDEAO-LBPRGKRZSA-N,,,
#31832 362.0861@11.602 MS1+ [Scan #1380 @11.5597 MS2 +],,1,hr_msms_nist,162320,404.09,404,495,495,98.8,"3-Pyridinecarboxamide, 6-[(aminocarbonyl)(2,6-difluorophenyl)amino]-2-(2,4-difluorophenyl)-",1,C19H12F4N4O2,[M+H-CHNO]+,,,,745833232,1314147,FYSRKRZDBHOFAY-UHFFFAOYSA-N,,,
#31912 405.5702@12.395 MS1+ [Scan #1457 @12.2997 MS2 +],,1,lr_msms_nist,49993,809.126,809,378,378,100,Acetyl coenzyme A,2,C23H38N7O17P3S,[M+2H]2+,,,,72899,1280846,ZSLZBFCDCINBPY-UYOZEJPBSA-N,,,
#32165 371.1012@14.255 MS1+ [Scan #1726 @14.3367 MS2 +],,1,lr_msms_nist,27221,370.094,370,304,304,100,Decamethylcyclopentasiloxane,1,C10H30O5Si5,[M+H]+,,,,541026,1101002,XMSXQFUHVRWGNA-UHFFFAOYSA-N,,,
#32207 404.1929@14.611 MS1+ [Scan #1713 @14.6726 MS2 +],,1,hr_msms_nist,49754,421.192,421,638,638,98.3,Latrunculin A,1,C22H31NO5S,[M+H-H2O]+,,,,76343936,1139730,DDVBPZROPPMBLW-BFBNQHQWSA-N,,,
#32320 599.2803@15.501 MS1+ [Scan #1795 @15.4425 MS2 +],,1,biopep_msms_nist,11589,1196.559,1196,939,939,99,GSK-3.beta. Peptide Inhibitor,2,C50H81N14O18P,[M+2H]2+,,"2/9,S,Phospho/10,P,Amide",,0,0,,,,
#32985 367.1054@19.519 MS1+ [Scan #2231 @19.6002 MS2 +],,1,lr_msms_nist,111416,384.115,384,337,337,98.8,Bianthrone,1,C28H16O2,[M+H]+=>367.1,,,,434855,1565706,MGRRGKWPEVFJSH-UHFFFAOYSA-N,,,
#33084 351.1316@20.486 MS1+ [Scan #2349 @20.4935 MS2 +],,1,hr_msms_nist,862838,406.178,406,319,319,94.6,Isolupalbigenin,1,C25H26O5,[M+H-C4H8]+,,,,162616708,3275965,FXJPTJQFJYNFKC-UHFFFAOYSA-N,,,
#33091 367.1054@20.541 MS1+ [Scan #2356 @20.5535 MS2 +],,1,hr_msms_nist,545478,344.126,344,700,700,85,Elmycin A,1,C19H20O6,[M+Na]+,,,,128061132,1871988,PKPHZFVECLENRP-QDWLCUAPSA-N,,,
#34185 457.1582@27.060 MS1+ [Scan #3143 @27.0233 MS2 +],,1,hr_msms_nist,737135,456.142,456,523,523,98.8,Steganacin,1,C24H24O9,[M+H]+,,,,41451687,3134576,XJTXBUKLGQCZHC-XFQAVAEZSA-N,,,
#34304 457.1582@28.158 MS1+ [Scan #3301 @28.2282 MS2 +],,1,hr_msms_nist,597074,434.179,434,630,630,43.6,"Methyl 3-ethoxy-8-(.beta.-D-glucopyranosyloxy)-1-methyl-4,4a,8,8a-tetrahydro-1H,3H-pyrano[3,4-c]pyran-5-carboxylate",1,C19H30O11,[M+Na]+,,,,0,1933938,IRKFOLIBBQDADK-WGXNBXMKSA-N,,,
#34314 457.1583@28.308 MS1+ [Scan #3301 @28.2282 MS2 +],,1,hr_msms_nist,597074,434.179,434,630,630,43.6,"Methyl 3-ethoxy-8-(.beta.-D-glucopyranosyloxy)-1-methyl-4,4a,8,8a-tetrahydro-1H,3H-pyrano[3,4-c]pyran-5-carboxylate",1,C19H30O11,[M+Na]+,,,,0,1933938,IRKFOLIBBQDADK-WGXNBXMKSA-N,,,
#34559 499.2053@30.940 MS1+ [Scan #3636 @30.9472 MS2 +],,1,hr_msms_nist,397711,498.2,498,669,669,77.2,Vincosamide,1,C26H30N2O8,[M+H]+,,,,23141277,1649490,LBRPLJCNRZUXLS-YTMAOMSOSA-N,,,
#34559 499.2053@30.940 MS1+ [Scan #3637 @30.8443 MS2 +],,1,lr_msms_nist,99534,540.157,540,456,456,88.4,"7-Benzyloxy-2-(2,2-diphenyl-1,3-benzodioxol-5-yl)-5-hydroxy-H-1-benzopyran-4-one",1,C35H24O6,[M+H]+=>499.2,,,,1391054526,1509984,KVJGSZHIKBPNQM-UHFFFAOYSA-N,,,
#34688 369.1607@32.344 MS1+ [Scan #3820 @32.3142 MS2 +],,1,hr_msms_nist,597299,346.178,346,590,590,99,"9,11,18-Trihydroxy-6,18-epoxypimara-5,8(14),15-trien-7-one",1,C20H26O5,[M+Na]+,,,,0,1934267,DVIBNAPGGXYIPD-UHFFFAOYSA-N,,,
#34695 369.1608@32.456 MS1+ [Scan #3817 @32.4307 MS2 +],,1,hr_msms_nist,763674,368.162,368,340,340,57.6,Quercetol C,1,C22H24O5,[M+H]+,,,,119061084,3161157,DKYFESWWIPJYTA-DVQDXYAYSA-N,,,
#34698 375.1687@32.480 MS1+ [Scan #3823 @32.4838 MS2 +],,1,hr_msms_nist,847946,352.175,352,480,480,99,Ethyl 2-(4-(t-BOC)piperazin-1-yl)-4-hydroxypyrimidine-5-carboxylate,1,C16H24N4O5,[M+Na]+,,,,1065074318,3257440,QKKFACJXVJWDAL-UHFFFAOYSA-N,,,
#34808 490.2581@33.253 MS1+ [Scan #3925 @33.1700 MS2 +],,1,hr_msms_nist,155421,507.262,507,330,330,47.1,Cytochalasin D,1,C30H37NO6,[M+H-H2O]+,,,,22144770,1303906,SDZRWUKZFQQKKV-JHADDHBZSA-N,,,
#34913 414.2151@34.294 MS1+ [Scan #4045 @34.2390 MS2 +],,1,hr_msms_nist,28135,413.202,413,774,774,98.9,PyroGlu-Gln-Arg,1,C16H27N7O6,[M+H]+,,,,0,1095433,YREWIBVCENPXOR-UHFFFAOYSA-N,,,
#34913 414.2151@34.294 MS1+ [Scan #4055 @34.1703 MS2 +],,1,hr_msms_nist,710796,431.21,431,851,851,100,"3-((4,7-Dimethyl-1-((1E)-prop-1-en-1-yl)-1,5,6,7,8,8a-hexahydronaphthalen-2-yl)carbonyl)-4-hydroxy-5-(4-hydroxyphenyl)pyridin-2(1H)-one",1,C27H29NO4,[M+H-H2O]+,,,,2111899126,3085040,FCQPLAILVSLWDT-SNAWJCMRSA-N,,,
#34922 376.2591@34.205 MS1+ [Scan #4032 @34.0658 MS2 +],,1,lr_msms_nist,18802,375.248,375,970,970,100,Lys-Thr-Lys,1,C16H33N5O5,[M+H]+,,,,0,1082554,YKBSXQFZWFXFIB-UHFFFAOYSA-N,,,
#34922 376.2591@34.205 MS1+ [Scan #4047 @34.1132 MS2 +],,1,hr_msms_nist,28921,375.248,375,401,401,100,Thr-Lys-Lys,1,C16H33N5O5,[M+H]+,,,,0,1096219,MGJLBZFUXUGMML-UHFFFAOYSA-N,,,
#34925 398.2410@34.331 MS1+ [Scan #4041 @34.2108 MS2 +],,1,hr_msms_nist,270006,493.283,493,994,994,25.9,Cytochalasin H,1,C30H39NO5,[M+H-C2H8O4]+,,,,53760193,1470586,NAEWXXDGBKTIMN-OWTACEMYSA-N,,,
#34976 435.2352@34.421 MS1+ [Scan #4081 @34.3725 MS2 +],,1,hr_msms_nist,213547,452.241,452,327,327,100,19-Norandrosterone glucuronide,1,C24H36O8,[M+H-H2O]+,,,,294213868,1388140,JGNAYBFRYHOLMC-LFFCILJBSA-N,,,
#35026 491.2355@34.612 MS1+ [Scan #4119 @34.7807 MS2 +],,1,hr_msms_nist,244670,490.225,490,527,527,100,Glimepiride,1,C24H34N4O5S,[M+H]+,,,,93479971,1432612,WIGIZIANZCJQQY-RUCARUNLSA-N,,,
#35038 350.9871@34.749 MS1+ [Scan #4101 @34.6197 MS2 +],,1,lr_msms_nist,117698,326.001,326,546,546,69.8,Tris(1-chloro-2-propyl) phosphate,1,C9H18Cl3O4P,[M+Na+2i]+,,,,13674845,1585044,KVMPUXDNESXNOH-UHFFFAOYSA-N,,,
#35038 350.9871@34.749 MS1+ [Scan #4114 @34.7438 MS2 +],,1,lr_msms_nist,117698,326.001,326,536,536,67,Tris(1-chloro-2-propyl) phosphate,1,C9H18Cl3O4P,[M+Na+2i]+,,,,13674845,1585044,KVMPUXDNESXNOH-UHFFFAOYSA-N,,,
#35128 359.2363@35.158 MS1+ [Scan #4185 @35.2822 MS2 +],,1,hr_msms_nist,153435,358.237,358,474,474,59.9,Pracinostat,1,C20H30N4O2,[M+H]+,,,,929016966,1301147,JHDKZFFAIZKUCU-ZRDIBKRKSA-N,,,
#35138 478.2736@35.334 MS1+ [Scan #4183 @35.2690 MS2 +],,1,hr_msms_nist,724082,477.263,477,525,525,98.3,"(8R,9a'S,10a'S)-1',1',4,4,12'-Pentamethyl-6',7',8',9',10',10a'-hexahydro-1'H,4H,11'H-spiro[1,4-dioxepino[2,3-g]indole-8,2'-[3a,9a](epiminomethano)cyclopenta[b]quinolizine]-9,11'(10H)-dione",1,C28H35N3O4,[M+H]+,,,,0,3103098,KYKUTNUWXQVSSU-DDOVHJNQSA-N,,,
#35164 437.1933@35.486 MS1+ [Scan #4399 @35.4085 MS2 +],,1,hr_msms_nist,27155,436.193,436,736,736,78.1,Met-Met-Arg,1,C16H32N6O4S2,[M+H]+,,,,0,1094449,OXIWIYOJVNOKOV-UHFFFAOYSA-N,,,
#35164 437.1933@35.486 MS1+ [Scan #4296 @35.4125 MS2 +],,1,hr_msms_nist,27155,436.193,436,694,694,100,Met-Met-Arg,1,C16H32N6O4S2,[M+H]+,,,,0,1094449,OXIWIYOJVNOKOV-UHFFFAOYSA-N,,,
#35177 657.3356@35.491 MS1+ [Scan #4226 @35.5045 MS2 +],,1,biopep_msms_nist,47991,656.332,656,577,577,96.7,BQ-610,1,C36H44N6O6,[M+H]+,,"4/0,L,Homopiperidinylcarbonyl/1,W,Dstereo/1,W,Formyl/2,W,Dstereo",,0,0,,,,
#35233 383.2039@36.158 MS1+ [Scan #4310 @36.1643 MS2 +],,1,hr_msms_nist,797591,382.189,382,535,535,41.8,"Methyl (19.alpha.,20.alpha.)-11-methoxy-19-methyl-16,17-didehydrooxayohimban-16-carboxylate",1,C22H26N2O4,[M+H]+,,,,482962,3195707,KXEMQEGRZWUKJS-RURTYGRKSA-N,,,
#35273 419.2404@36.332 MS1+ [Scan #4321 @36.3493 MS2 +],,1,hr_msms_nist,98267,396.251,396,752,752,98.4,"16,16-Dimethyl-6-ketoprostaglandin E1",1,C22H36O6,[M+Na]+,,,,75874327,1215373,BWEWJWWBXZXMHO-XDCFTEKWSA-N,,,
#35289 437.1934@36.332 MS1+ [Scan #4319 @36.2285 MS2 +],,1,hr_msms_nist,27155,436.193,436,795,795,85.4,Met-Met-Arg,1,C16H32N6O4S2,[M+H]+,,,,0,1094449,OXIWIYOJVNOKOV-UHFFFAOYSA-N,,,
#35291 453.1675@36.412 MS1+ [Scan #4315 @36.3115 MS2 +],,1,hr_msms_nist,613212,430.184,430,513,513,82.6,Phenethyl rutinoside,1,C20H30O10,[M+Na]+,,,,88510081,1955933,OKUGUNDXBGUFPA-OCGSKHJZSA-N,,,
#36944 487.1801@8.576 MS1+ [Scan #1055 @8.6042 MS2 +],,1,hr_msms_nist,297975,464.197,464,453,453,90.1,Beclomethasone 21-propionate,1,C25H33ClO6,[M+Na]+,,,,69224799,1509801,OPNPEZLXXKGRTA-XGQKBEPLSA-N,,,
#38649 453.3434@22.526 MS1+ [Scan #2691 @22.4400 MS2 +],,1,hr_msms_nist,111636,488.35,488,368,368,64,Asiatic acid,1,C30H48O5,[M+H-2H2O]+,,,,464926,1238034,JXSVIVRDWWRQRT-UYDOISQJSA-N,,,
#38843 588.4091@24.800 MS1+ [Scan #2988 @24.7478 MS2 +],,1,MoNA-export-LipidBlast,37336,587.395,587,933,933,50,PC 23:3e,1,C31H58NO7P,[M+H]+,,,,0,0,LYHFVNFQVQNEFG-SEEYPOKLSA-N,,,
#38850 379.0699@24.836 MS1+ [Scan #2904 @24.7113 MS2 +],,1,hr_msms_nist,203423,356.088,356,336,336,98.4,Sulindac,1,C20H17FO3S,[M+Na]+,,,,38194502,1372810,MLKXDPUZXIRXEP-RQZCQDPDSA-N,,,
#39575 375.1689@31.491 MS1+ [Scan #3789 @31.4580 MS2 +],,1,hr_msms_nist,847946,352.175,352,443,443,99,Ethyl 2-(4-(t-BOC)piperazin-1-yl)-4-hydroxypyrimidine-5-carboxylate,1,C16H24N4O5,[M+Na]+,,,,1065074318,3257440,QKKFACJXVJWDAL-UHFFFAOYSA-N,,,
#39615 421.1573@31.830 MS1+ [Scan #3834 @31.8045 MS2 +],,1,hr_msms_nist,611361,420.157,420,454,454,28.1,Auricalasin,1,C25H24O6,[M+H]+,,,,60297372,1953521,PSEBCAMYGWGJMH-UHFFFAOYSA-N,,,
#39778 376.2591@33.313 MS1+ [Scan #4094 @33.1568 MS2 +],,1,lr_msms_nist,18802,375.248,375,968,968,100,Lys-Thr-Lys,1,C16H33N5O5,[M+H]+,,,,0,1082554,YKBSXQFZWFXFIB-UHFFFAOYSA-N,,,
#39783 398.2410@33.313 MS1+ [Scan #4098 @33.1818 MS2 +],,1,hr_msms_nist,935287,397.225,397,920,920,57.1,2-{[4-(Dipentylamino)-2-hydroxyphenyl]carbonyl}benzoic acid,1,C24H31NO4,[M+H]+,,,,134338991,3371527,FHHJEXZQGLHKOT-UHFFFAOYSA-N,,,
#39785 414.2150@33.313 MS1+ [Scan #4022 @33.2887 MS2 +],,1,hr_msms_nist,710796,431.21,431,858,858,56.6,"3-((4,7-Dimethyl-1-((1E)-prop-1-en-1-yl)-1,5,6,7,8,8a-hexahydronaphthalen-2-yl)carbonyl)-4-hydroxy-5-(4-hydroxyphenyl)pyridin-2(1H)-one",1,C27H29NO4,[M+H-H2O]+,,,,2111899126,3085040,FCQPLAILVSLWDT-SNAWJCMRSA-N,,,
#39823 435.2353@33.447 MS1+ [Scan #4150 @33.5583 MS2 +],,1,hr_msms_nist,661079,412.246,412,549,549,85.1,Andromedotoxin,1,C22H36O7,[M+Na]+,,,,4720096,3019219,NXCYBYJXCJWMRY-VGBBEZPXSA-N,,,
#39946 365.2774@34.515 MS1+ [Scan #4257 @34.3975 MS2 +],,1,hr_msms_nist,102915,382.272,382,661,661,36.2,"16,16-Dimethylprostaglandin F2.alpha.",1,C22H38O5,[M+H-H2O]+,,,,39746231,1222305,YMRWVEHSLXJOCD-SCOYTADVSA-N,,,
#40067 357.1471@35.487 MS1+ [Scan #4408 @35.4523 MS2 +],,1,hr_msms_nist,249158,436.134,436,696,696,87.8,"1-Propanone, 1-[4-(5'-chloro-3,5-dimethyl[2,4'-bipyridin]-2'-yl)-1-piperazinyl]-3-(methylsulfonyl)-",1,C20H25ClN4O3S,[M+H-CH4SO2]+,,,,1373615350,1438887,BBVNTTZIOTWDSV-UHFFFAOYSA-N,,,
#40163 465.2176@35.989 MS1+ [Scan #4463 @35.8512 MS2 +],,1,hr_msms_nist,265208,500.241,500,491,491,99,Qingyangshengenin,1,C28H36O8,[M+H-2H2O]+,,,,84745948,1463377,IMRGSWAJVVVYOW-ZCARJHNXSA-N,,,
#41285 366.1394@7.495 MS1+ [Scan #878 @7.3793 MS2 +],,1,hr_msms_nist,109762,383.143,383,703,703,98.8,N-Acetyl-D-lactosamine,1,C14H25NO11,[M+H-H2O]+,,,,32181592,1235103,HESSGHHCXGBPAJ-ZBELOFFLSA-N,,,
#41353 1013.3159@7.612 MS1+ [Scan #898 @7.5453 MS2 +],,1,hr_msms_nist,1023959,990.328,990,435,435,100,Cellohexaose,1,C36H62O31,[M+Na]+,,,,2478355,3479970,,,,
#41397 1175.3687@7.759 MS1+ [Scan #925 @7.7831 MS2 +],,1,hr_msms_nist,128062,1152.38,1152,307,307,81.9,Maltoheptaose,1,C42H72O36,[M+Na]+,,,,34620785,1261390,BNABBHGYYMZMOA-WPQHDQNLSA-N,,,
#41942 384.5649@10.147 MS1+ [Scan #1226 @10.1592 MS2 +],,1,lr_msms_nist,40560,767.115,767,437,437,100,Coenzyme A,2,C21H36N7O16P3S,[M+2H]2+,,,,85610,1162149,RGJOEKWQDUBAIZ-DRCCLKDXSA-N,,,
#41965 428.0367@10.182 MS1+ [Scan #1221 @10.1242 MS2 +],,1,lr_msms_nist,13809,427.029,427,377,377,99,Adenosine 5'-diphosphate,1,C10H15N5O10P2,[M+H]+,,,,58640,1053868,XTWYTFMLZFPYCI-KQYNXXCUSA-N,,,
#42035 456.5862@10.320 MS1+ [Scan #1250 @10.3341 MS2 +],,1,lr_msms_nist,41203,911.157,911,362,362,100,DL-3-Hydroxy-3-methylglutaryl coenzyme A,2,C27H44N7O20P3S,[M+2H]2+,,,,1553555,1172730,CABVTRNMFUVUDM-UHFFFAOYSA-N,,,
#42088 442.1471@10.665 MS1+ [Scan #1285 @10.6400 MS2 +],,1,lr_msms_nist,47058,441.14,441,798,798,100,Folic acid,1,C19H19N7O6,[M+H]+,,,,59303,1237300,OVBPIULPVIDEAO-LBPRGKRZSA-N,,,
#42208 385.1288@11.258 MS1+ [Scan #1342 @11.1536 MS2 +],,1,lr_msms_nist,12494,384.122,384,405,405,100,S-(5'-Adenosyl)-L-homocysteine,1,C14H20N6O5S,[M+H]+,,,,979920,1051768,ZJUKTBDSGOFHSH-WFMPWKQPSA-N,,,
#42331 508.0031@12.201 MS1+ [Scan #1455 @12.1834 MS2 +],,1,lr_msms_nist,41739,867.131,867,538,538,41.7,Methylmalonyl coenzyme A,1,C25H40N7O19P3S,[M+2H]2+=>508.0,,,,1264455,1178593,MZFOKIKEPGUZEN-RVTPZZGCSA-N,,,
#42507 413.2005@13.632 MS1+ [Scan #1618 @13.6732 MS2 +],,1,hr_msms_nist,369326,390.204,390,542,542,84.8,Prostratin,1,C22H30O6,[M+Na]+,,,,60857081,1613913,BOJKFRKNLSCGHY-HXGSDTCMSA-N,,,
#42682 380.1815@14.929 MS1+ [Scan #1751 @14.9082 MS2 +],,1,hr_msms_nist,892218,379.178,379,369,369,55.9,"1,3,5-Trihydroxy-2,4-bis(3-methylbut-2-enyl)-10H-acridin-9-one",1,C23H25NO4,[M+H]+,,,,28233354,3318221,GLXYKTASIIUSRC-UHFFFAOYSA-N,,,
#42707 439.2437@15.133 MS1+ [Scan #1767 @15.0587 MS2 +],,1,biopep_msms_nist,12870,876.475,876,758,758,98.7,"Spinorphin, bovine",2,C45H64N8O10,[M+2H]2+,,,,0,0,,,,
#43307 367.1054@19.264 MS1+ [Scan #2228 @19.2368 MS2 +],,1,hr_msms_nist,545478,344.126,344,634,634,53.8,Elmycin A,1,C19H20O6,[M+Na]+,,,,128061132,1871988,PKPHZFVECLENRP-QDWLCUAPSA-N,,,
#43378 351.1314@20.329 MS1+ [Scan #2340 @20.2678 MS2 +],,1,hr_msms_nist,862838,406.178,406,306,306,96.2,Isolupalbigenin,1,C25H26O5,[M+H-C4H8]+,,,,162616708,3275965,FXJPTJQFJYNFKC-UHFFFAOYSA-N,,,
#43385 367.1054@20.296 MS1+ [Scan #2344 @20.3030 MS2 +],,1,hr_msms_nist,545478,344.126,344,654,654,79.8,Elmycin A,1,C19H20O6,[M+Na]+,,,,128061132,1871988,PKPHZFVECLENRP-QDWLCUAPSA-N,,,
#43387 417.2595@20.296 MS1+ [Scan #2345 @20.3125 MS2 +],,1,hr_msms_nist,32887,394.272,394,476,476,97.5,Prostaglandin E2 isopropyl ester,1,C23H38O5,[M+Na]+,,,,71845664,1106677,NOHLKSJQMSPOTB-FZNVCOGTSA-N,,,
#43426 437.2355@20.793 MS1+ [Scan #2394 @20.8193 MS2 +],,1,hr_msms_nist,561310,414.241,414,754,754,85.9,"8,10-Dihydroxy-3-longipinen-5-one, diangeloyl",1,C25H34O5,[M+Na]+,,,,65556538,1890692,GXMVUJPIUWLNDG-MJJXSLNDSA-N,,,
#43500 411.1697@21.701 MS1+ [Scan #2506 @21.7142 MS2 +],,1,hr_msms_nist,519509,393.142,393,341,341,65.4,"Diethyl 4-hydroxy-4-methyl-2-(4-nitrophenyl)-6-oxo-1,3-cyclohexanedicarboxylate",1,C19H23NO8,[M+NH4]+,,,,93711150,1838064,LRQXDKAQYSRKPX-UHFFFAOYSA-N,,,
#43934 412.2095@23.603 MS1+ [Scan #2720 @23.4958 MS2 +],,1,hr_msms_nist,300422,389.22,389,353,353,77.2,N-Desbenzyl-N-tert-butyloxycarbonyldonepezil,1,C22H31NO5,[M+Na]+,,,,948550605,1513244,RXHKMJKBJYEQLX-UHFFFAOYSA-N,,,
#44052 411.0960@25.034 MS1+ [Scan #2903 @25.0643 MS2 +],,1,hr_msms_nist,506795,388.116,388,424,424,59.7,3-O-Methylfunicone,1,C20H20O8,[M+Na]+,,,,28403067,1821855,WGLRJONCGNNMKL-VOTSOKGWSA-N,,,
#44100 519.1376@25.642 MS1+ [Scan #2988 @25.6593 MS2 +],,1,hr_msms_nist,503230,518.121,518,410,410,100,"5,5',6,6',8,8'-Hexahydroxy-2,2'-dimethyl-2,2',3,3'-tetrahydro-4H,4'H-[9,9'-bibenzo[g]chromene]-4,4'-dione",1,C28H22O10,[M+H]+,,,,0,1815808,JGQBYBXYRUCBQY-UHFFFAOYSA-N,,,
#44100 519.1376@25.642 MS1+ [Scan #2970 @25.5933 MS2 +],,1,hr_msms_nist,503230,518.121,518,381,381,100,"5,5',6,6',8,8'-Hexahydroxy-2,2'-dimethyl-2,2',3,3'-tetrahydro-4H,4'H-[9,9'-bibenzo[g]chromene]-4,4'-dione",1,C28H22O10,[M+H]+,,,,0,1815808,JGQBYBXYRUCBQY-UHFFFAOYSA-N,,,
#44219 359.1069@26.344 MS1+ [Scan #3068 @26.2275 MS2 +],,1,hr_msms_nist,106011,358.105,358,939,939,50.3,"3'-Hydroxy-5,6,7,4'-tetramethoxyflavone",1,C19H18O7,[M+H]+,,,,21764090,1227085,LYLDPYNWDVVPIQ-UHFFFAOYSA-N,,,
#44682 375.1688@32.335 MS1+ [Scan #3817 @32.2950 MS2 +],,1,hr_msms_nist,847946,352.175,352,512,512,91.8,Ethyl 2-(4-(t-BOC)piperazin-1-yl)-4-hydroxypyrimidine-5-carboxylate,1,C16H24N4O5,[M+Na]+,,,,1065074318,3257440,QKKFACJXVJWDAL-UHFFFAOYSA-N,,,
#44813 398.2410@34.205 MS1+ [Scan #4054 @34.1665 MS2 +],,1,biopep_msms_nist,10596,794.465,794,908,908,54,IIAPPER/2_0,2,C36H62N10O10,[M+2H]2+,,,,0,0,,,,
#44896 399.1788@34.980 MS1+ [Scan #4161 @34.9940 MS2 +],,1,hr_msms_nist,758590,376.189,376,678,678,43.2,"2-(Hydroxymethyl)-2,4a,7,10b-tetramethyl-1a,2a,4,4a,10,10a,10b,11a-octahydro-2H,7H-[1]benzoxireno[3,4-f]pyrano[2,3-b]chromene-9,11(3H,8H)-dione",1,C21H28O6,[M+Na]+,,,,2108816802,3156047,WQOKQNWHPRUKFG-UHFFFAOYSA-N,,,
#44967 365.2774@35.917 MS1+ [Scan #4248 @35.7117 MS2 +],,1,hr_msms_nist,102915,382.272,382,791,791,38.5,"16,16-Dimethylprostaglandin F2.alpha.",1,C22H38O5,[M+H-H2O]+,,,,39746231,1222305,YMRWVEHSLXJOCD-SCOYTADVSA-N,,,
#45014 453.1674@36.332 MS1+ [Scan #4324 @36.2677 MS2 +],,1,hr_msms_nist,613212,430.184,430,480,480,83.1,Phenethyl rutinoside,1,C20H30O10,[M+Na]+,,,,88510081,1955933,OKUGUNDXBGUFPA-OCGSKHJZSA-N,,,
#45024 443.2049@36.370 MS1+ [Scan #4334 @36.3383 MS2 +],,1,hr_msms_nist,33362,442.2,442,872,872,98.5,"3-[1-[3-(Dimethylamino)propyl]-5-methoxy-1H-indol-3-yl]-4-(1H-indol-3-yl)-1H-pyrrole-2,5-dione",1,C26H26N4O3,[M+H]+,,,,133053197,1107163,LLJJDLHGZUOMQP-UHFFFAOYSA-N,,,
#45040 393.3087@36.427 MS1+ [Scan #4329 @36.2997 MS2 +],,1,hr_msms_nist,47083,392.304,392,772,772,99,Leukotriene B4 3-aminopropylamide,1,C23H40N2O3,[M+H]+,,,,89596430,1135151,OIKPVPQZNCNDHN-IKJWWRMISA-N,,,
#45618 413.2662@3.089 MS1+ [Scan #327 @3.0575 MS2 +],,1,lr_msms_nist,7574,390.277,390,325,325,96.3,Diisooctyl phthalate,1,C24H38O4,[M+Na]+,,,,131204,1033705,IJFPVINAQGWBRJ-UHFFFAOYSA-N,,,
#46525 350.1525@8.077 MS1+ [Scan #962 @7.8996 MS2 +],,1,hr_msms_nist,850875,349.146,349,459,459,100,"N-[2-(4-Morpholinyl)propyl]-4-oxo-2,3,4,5-tetrahydro-1,5-benzothiazepine-7-carboxamide",1,C17H23N3O3S,[M+H]+,,,,1197887685,3261117,MNYMDWGPOVDYSU-UHFFFAOYSA-N,,,
#47029 439.2435@14.288 MS1+ [Scan #1707 @14.2676 MS2 +],,1,biopep_msms_nist,12870,876.475,876,762,762,99,"Spinorphin, bovine",2,C45H64N8O10,[M+2H]2+,,,,0,0,,,,
#47134 413.0544@15.416 MS1+ [Scan #1830 @15.3507 MS2 +],,1,lr_msms_nist,155503,390.065,390,703,703,100,Phenyl{[4-phenyl-6-(trifluoromethyl)-2-pyrimidinyl]sulfanyl}acetic acid,1,C19H13F3N2O2S,[M+Na]+,,,,107072322,1833946,AQEVAFZLDGPQFC-UHFFFAOYSA-N,,,
#47449 351.1314@18.289 MS1+ [Scan #2161 @18.2688 MS2 +],,1,lr_msms_nist,15648,350.123,350,792,792,96.9,Trp(Dioxidation)-Asn,1,C15H18N4O6,[M+H]+,,,,0,1078916,GTLOJQFANPPBBZ-UHFFFAOYSA-N,,,
#47507 351.1316@19.264 MS1+ [Scan #2275 @19.2755 MS2 +],,1,lr_msms_nist,15648,350.123,350,781,781,98.1,Trp(Dioxidation)-Asn,1,C15H18N4O6,[M+H]+,,,,0,1078916,GTLOJQFANPPBBZ-UHFFFAOYSA-N,,,
#47510 418.2637@19.370 MS1+ [Scan #2261 @19.2748 MS2 +],,1,hr_msms_nist,756272,417.252,417,551,551,99,Aspochalasin T,1,C24H35NO5,[M+H]+,,,,1239965468,3153729,KBJKWXDTUOJWAI-UKTHLTGXSA-N,,,
#47871 445.1201@22.216 MS1+ [Scan #2606 @22.2010 MS2 +],,1,lr_msms_nist,27249,444.113,444,332,332,100,Dodecamethylcyclohexasiloxane,1,C12H36O6Si6,[M+H]+,,,,540976,1101050,IUMSDRXLFWAGNT-UHFFFAOYSA-N,,,
#48235 379.0699@24.975 MS1+ [Scan #2945 @24.9383 MS2 +],,1,lr_msms_nist,29344,356.088,356,390,390,100,Sulindac,1,C20H17FO3S,[M+Na]+,,,,38194502,1117806,MLKXDPUZXIRXEP-RQZCQDPDSA-N,,,
#48248 467.1678@25.121 MS1+ [Scan #2964 @25.0797 MS2 +],,1,hr_msms_nist,289877,614.147,614,437,437,55.1,"11,17-Difuroatemometasone",1,C32H32Cl2O8,[M+H-C5H5ClO3]+,,,,1370190332,1498459,MJDGUHJEIVTMQZ-VYYCQGSCSA-N,,,
#49057 350.9871@33.933 MS1+ [Scan #4092 @33.8153 MS2 +],,1,lr_msms_nist,117698,326.001,326,574,574,69.8,Tris(1-chloro-2-propyl) phosphate,1,C9H18Cl3O4P,[M+Na+2i]+,,,,13674845,1585044,KVMPUXDNESXNOH-UHFFFAOYSA-N,,,
#49974 560.0793@5.761 MS1+ [Scan #679 @5.6547 MS2 +],,1,lr_msms_nist,40469,559.072,559,533,533,100,Adenosine 5'-diphosphoribose,1,C15H23N5O14P2,[M+H]+,,,,20762305,1161406,SRNWOUGRCWSEMX-TYASJMOZSA-N,,,
#50011 380.1122@6.483 MS1+ [Scan #767 @6.3542 MS2 +],,1,lr_msms_nist,139894,379.105,379,712,712,100,S-Lactoylglutathione,1,C13H21N3O8S,[M+H]+,,,,25138663,1704402,VDYDCVUWILIYQF-ALKRTJFJSA-N,,,
#50603 450.2323@16.367 MS1+ [Scan #1871 @16.2932 MS2 +],,1,biopep_msms_nist,61558,898.455,898,714,714,99,Allatostatin III,2,C42H62N10O12,[M+2H]2+,,"1/8,L,Amide",,0,0,,,,
#50813 481.2118@18.283 MS1+ [Scan #2094 @18.1210 MS2 +],,1,hr_msms_nist,506413,458.23,458,811,811,100,"Methyl 16-hydroxy-4,4,8,12,16-pentamethyl-15,17,19-trioxo-3,19-epoxyandrost-11-ene-14-carboxylate",1,C26H34O7,[M+Na]+,,,,1229025131,1821042,UPJBUABBBFMLGN-UHFFFAOYSA-N,,,
#51630 359.1069@25.782 MS1+ [Scan #3058 @25.6615 MS2 +],,1,hr_msms_nist,59149,358.105,358,950,950,58.4,"Quercetin-3,7,3',4'-tetramethyl ether",1,C19H18O7,[M+H]+,,,,1245154,1154281,HHGPYJLEJGNWJA-UHFFFAOYSA-N,,,
#51760 467.1675@27.099 MS1+ [Scan #3241 @27.0732 MS2 +],,1,hr_msms_nist,109437,910.328,910,641,641,88.4,Man3 b,2,C34H58N2O26,[M+H+Na]2+,,,,0,1234405,,,,
#52232 375.1689@31.854 MS1+ [Scan #3868 @31.8157 MS2 +],,1,hr_msms_nist,847946,352.175,352,446,446,98.9,Ethyl 2-(4-(t-BOC)piperazin-1-yl)-4-hydroxypyrimidine-5-carboxylate,1,C16H24N4O5,[M+Na]+,,,,1065074318,3257440,QKKFACJXVJWDAL-UHFFFAOYSA-N,,,
#52432 398.2410@33.684 MS1+ [Scan #3904 @33.5065 MS2 +],,1,hr_msms_nist,300376,415.251,415,996,996,45.2,N-Demethylmifepristone,1,C28H33NO2,[M+H-H2O]+,,,,104004968,1513167,IBLXOBHABOVXDY-WKWWZUSTSA-N,,,
#52432 398.2410@33.684 MS1+ [Scan #3938 @33.5852 MS2 +],,1,hr_msms_nist,49604,397.229,397,947,947,24.9,"N-(Methylsulfonyl)-13-(3-pentyloxiranyl)-5Z,8Z,11Z-tridecatrienamide",1,C21H35NO4S,[M+H]+,,,,218461973,1139452,UPGGGACSUDOHOT-AWVFLLPBSA-N,,,
#52432 398.2410@33.684 MS1+ [Scan #4098 @33.5843 MS2 +],,1,hr_msms_nist,163944,397.238,397,940,940,34,"Phosphonic acid, P-[[4-[(1-oxotetradecyl)amino]phenyl]methyl]-",1,C21H36NO4P,[M+H]+,,,,1096770841,1316612,OUXAHVRWFHOKHY-UHFFFAOYSA-N,,,
#52434 414.2151@33.684 MS1+ [Scan #4105 @33.6343 MS2 +],,1,hr_msms_nist,28135,413.202,413,834,834,66,PyroGlu-Gln-Arg,1,C16H27N7O6,[M+H]+,,,,0,1095433,YREWIBVCENPXOR-UHFFFAOYSA-N,,,
#52434 414.2151@33.684 MS1+ [Scan #3942 @33.6123 MS2 +],,1,hr_msms_nist,28135,413.202,413,794,794,74.5,PyroGlu-Gln-Arg,1,C16H27N7O6,[M+H]+,,,,0,1095433,YREWIBVCENPXOR-UHFFFAOYSA-N,,,
#52453 382.2084@33.701 MS1+ [Scan #4128 @33.7872 MS2 +],,1,hr_msms_nist,236593,381.191,381,532,532,98.7,"Urea, N-cyclopropyl-N'-[3-[6-(4-morpholinylmethyl)-1H-benzimidazol-2-yl]-1H-pyrazol-4-yl]-",1,C19H23N7O2,[M+H]+,,,,896466049,1421272,LOLPPWBBNUVNQZ-UHFFFAOYSA-N,,,
#52691 392.2543@35.851 MS1+ [Scan #4223 @35.8230 MS2 +],,1,lr_msms_nist,84063,429.268,429,342,342,100,"5-Heptenamide, 7-[(1R,2R,3S,5S)-2-[(3R)-3-(2,3-dihydro-1H-inden-2-yl)-3-hydroxy-1-propen-1-yl]-3-fluoro-5-hydroxycyclopentyl]-N-ethyl-, (5Z)-",1,C26H36FNO3,[M+H-H3FO]+,,,,0,1439774,VABRORXFVJOSHQ-OXDHMAHTSA-N,,,
#52691 392.2543@35.851 MS1+ [Scan #4390 @35.7590 MS2 +],,1,lr_msms_nist,84063,429.268,429,314,314,82.4,"5-Heptenamide, 7-[(1R,2R,3S,5S)-2-[(3R)-3-(2,3-dihydro-1H-inden-2-yl)-3-hydroxy-1-propen-1-yl]-3-fluoro-5-hydroxycyclopentyl]-N-ethyl-, (5Z)-",1,C26H36FNO3,[M+H-H3FO]+,,,,0,1439774,VABRORXFVJOSHQ-OXDHMAHTSA-N,,,
#52719 357.1470@36.006 MS1+ [Scan #4259 @36.1100 MS2 +],,1,hr_msms_nist,231890,356.148,356,635,635,93.3,"Benzeneacetamide, N-(4-amino-5-cyano-6-ethoxy-2-pyridinyl)-2,5-dimethoxy-",1,C18H20N4O4,[M+H]+,,,,894804070,1414582,KQMPRSZTUSSXND-UHFFFAOYSA-N,,,
#52755 415.2115@36.108 MS1+ [Scan #4307 @36.1523 MS2 +],,1,lr_msms_nist,193320,432.215,432,311,311,98.2,Gelomulide N,1,C24H32O7,[M+H-H2O]+,,,,1005212021,3072975,YOELDOOOBJSHSZ-SRFZOMHBSA-N,,,
#52756 437.1933@36.108 MS1+ [Scan #4314 @36.0478 MS2 +],,1,hr_msms_nist,27155,436.193,436,802,802,71.9,Met-Met-Arg,1,C16H32N6O4S2,[M+H]+,,,,0,1094449,OXIWIYOJVNOKOV-UHFFFAOYSA-N,,,
#52756 437.1933@36.108 MS1+ [Scan #4306 @36.1483 MS2 +],,1,hr_msms_nist,27155,436.193,436,815,815,77.6,Met-Met-Arg,1,C16H32N6O4S2,[M+H]+,,,,0,1094449,OXIWIYOJVNOKOV-UHFFFAOYSA-N,,,
#56463 367.1669@35.648 MS1+ [Scan #4419 @35.7182 MS2 +],,1,hr_msms_nist,709192,366.168,366,397,397,42.1,Longilactone,1,C19H26O7,[M+H]+,,,,129587093,3082870,KBBRVTNGCNCUCX-IRLOYWMGSA-N,,,
#56493 357.1470@35.907 MS1+ [Scan #4437 @35.8578 MS2 +],,1,hr_msms_nist,249158,436.134,436,644,644,80.1,"1-Propanone, 1-[4-(5'-chloro-3,5-dimethyl[2,4'-bipyridin]-2'-yl)-1-piperazinyl]-3-(methylsulfonyl)-",1,C20H25ClN4O3S,[M+H-CH4SO2]+,,,,1373615350,1438887,BBVNTTZIOTWDSV-UHFFFAOYSA-N,,,
#56494 373.1208@35.914 MS1+ [Scan #4449 @35.9453 MS2 +],,1,hr_msms_nist,294563,372.114,372,400,400,94.8,"2,4-Thiazolidinedione, 5-[[4-[2-(5-ethyl-2-pyridinyl)-2-hydroxyethoxy]phenyl]methyl]-",1,C19H20N2O4S,[M+H]+,,,,101931004,1505027,RMTFRGFLVHAYCI-UHFFFAOYSA-N,,,
#56858 462.1468@0.034 MS1+ [Scan #12 @0.0669 MS2 +],,1,lr_msms_nist,27270,444.113,444,681,681,100,Dodecamethylcyclohexasiloxane,1,C12H36O6Si6,[M+NH4]+,,,,540976,1101071,IUMSDRXLFWAGNT-UHFFFAOYSA-N,,,
#57940 351.0411@4.892 MS1+ [Scan #594 @4.7672 MS2 +],,1,hr_msms_nist,271740,175.013,175,353,353,100,(-)-Sulforaphene,1,C6H9NOS2,[2M+H]+,,,,592950,1473070,QKGJFQMGPDVOQE-HWKANZROSA-N,,,
#58073 771.2639@6.673 MS1+ [Scan #820 @6.7415 MS2 +],,1,hr_msms_nist,352564,748.275,748,906,906,98.2,LecNL,1,C28H48N2O21,[M+Na]+,,,,0,1589551,,,,
#58557 360.2017@13.306 MS1+ [Scan #1581 @13.2650 MS2 +],,1,lr_msms_nist,21095,359.192,359,700,700,97.5,Gln-Gly-Arg,1,C13H25N7O5,[M+H]+,,,,0,1085157,IKFZXRLDMYWNBU-UHFFFAOYSA-N,,,
#58819 375.1017@17.025 MS1+ [Scan #2006 @17.0147 MS2 +],,1,hr_msms_nist,613149,374.1,374,634,634,52.6,"5-Hydroxy-2-(3-hydroxy-4,5-dimethoxyphenyl)-3,7-dimethoxychromen-4-one",1,C19H18O8,[M+H]+,,,,14290574,1955849,LLDTYMGZAXZDDU-UHFFFAOYSA-N,,,
#59491 481.2111@22.447 MS1+ [Scan #2636 @22.4547 MS2 +],,1,hr_msms_nist,506413,458.23,458,446,446,99,"Methyl 16-hydroxy-4,4,8,12,16-pentamethyl-15,17,19-trioxo-3,19-epoxyandrost-11-ene-14-carboxylate",1,C26H34O7,[M+Na]+,,,,1229025131,1821042,UPJBUABBBFMLGN-UHFFFAOYSA-N,,,
#60336 398.2410@33.167 MS1+ [Scan #3981 @33.0663 MS2 +],,1,hr_msms_nist,935287,397.225,397,920,920,57.1,2-{[4-(Dipentylamino)-2-hydroxyphenyl]carbonyl}benzoic acid,1,C24H31NO4,[M+H]+,,,,134338991,3371527,FHHJEXZQGLHKOT-UHFFFAOYSA-N,,,
#60363 435.2353@33.304 MS1+ [Scan #4013 @33.2802 MS2 +],,1,hr_msms_nist,27848,434.228,434,344,344,37.9,Pro-Tyr-Arg,1,C20H30N6O5,[M+H]+,,,,0,1095145,ZYJMLBCDFPIGNL-UHFFFAOYSA-N,,,
#60574 374.2440@35.424 MS1+ [Scan #4290 @35.4037 MS2 +],,1,hr_msms_nist,26243,373.233,373,896,896,32.1,Ile-Asn-Lys,1,C16H31N5O5,[M+H]+,,,,0,1093537,FJWYJQRCVNGEAQ-UHFFFAOYSA-N,,,
#60576 392.2545@35.424 MS1+ [Scan #4280 @35.3312 MS2 +],,1,lr_msms_nist,84063,429.268,429,350,350,100,"5-Heptenamide, 7-[(1R,2R,3S,5S)-2-[(3R)-3-(2,3-dihydro-1H-inden-2-yl)-3-hydroxy-1-propen-1-yl]-3-fluoro-5-hydroxycyclopentyl]-N-ethyl-, (5Z)-",1,C26H36FNO3,[M+H-H3FO]+,,,,0,1439774,VABRORXFVJOSHQ-OXDHMAHTSA-N,,,
#61589 771.2640@7.051 MS1+ [Scan #844 @7.1489 MS2 +],,1,hr_msms_nist,109416,748.275,748,584,584,96.6,Man2a,1,C28H48N2O21,[M+Na]+,,,,0,1234366,,,,
#61589 771.2640@7.051 MS1+ [Scan #865 @7.2402 MS2 +],,1,hr_msms_nist,109416,748.275,748,574,574,96.3,Man2a,1,C28H48N2O21,[M+Na]+,,,,0,1234366,,,,
#61778 542.0687@8.619 MS1+ [Scan #1023 @8.5389 MS2 +],,1,lr_msms_nist,41228,541.061,541,423,423,100,Cyclic adenosine diphosphate ribose,1,C15H21N5O13P2,[M+H]+,,,,119340533,1173070,BQOHYSXSASDCEA-AUFQSWFVSA-N,,,
#62781 469.2770@20.638 MS1+ [Scan #2374 @20.5472 MS2 +],,1,hr_msms_nist,228325,468.262,468,415,415,45.9,"1-Propanone, 1-[7-(3,4-dimethoxyphenyl)-2,3-dihydro-9-[[(3S)-1-methyl-3-piperidinyl]methoxy]-1,4-benzoxazepin-4(5H)-yl]-",1,C27H36N2O5,[M+H]+,,,,1640282310,1409690,YKNAKDFZAWQEEO-IBGZPJMESA-N,,,
#64273 528.2739@34.664 MS1+ [Scan #4123 @34.5763 MS2 +],,1,MoNA-export-LipidBlast,63052,527.265,527,306,306,100,PE 21:5,1,C26H42NO8P,[M+H]+,,,,0,0,IMYDOJXSMQAJIN-AAQCHOMXSA-N,,,
#64416 383.2040@35.959 MS1+ [Scan #4279 @35.9430 MS2 +],,1,hr_msms_nist,232718,360.216,360,873,873,75,"Ethanone, 1-[5-ethyl-2-hydroxy-4-[[6-methyl-6-(2H-tetrazol-5-yl)heptyl]oxy]phenyl]-",1,C19H28N4O3,[M+Na]+,,,,117690796,1415615,WCGXJPFHTHQNJL-UHFFFAOYSA-N,,,
#64450 453.1675@36.108 MS1+ [Scan #4315 @36.0515 MS2 +],,1,hr_msms_nist,775832,452.168,452,357,357,100,4'-O-.beta.-D-Glucosyl-5-O-methylvisamminol,1,C22H28O10,[M+H]+,,,,84272855,3173829,QVGFPTYGKPLXPK-OOBAEQHESA-N,,,
#64490 403.1281@36.183 MS1+ [Scan #4337 @36.2040 MS2 +],,1,hr_msms_nist,434887,527.209,527,851,851,91.2,"2-{2-[4-({[(Cyclohexylamino)carbonyl]amino}sulfonyl)phenyl]ethyl}-7-methoxy-4,4-dimethyl-1,3-dioxo-1,2,3,4-tetrahydroisoquinoline",1,C27H33N3O6S,[M+H-C7H11NO]+,,,,33342051,1697859,LLJFMFZYVVLQKT-UHFFFAOYSA-N,,,
#65074 613.1596@3.516 MS1+ [Scan #436 @3.6728 MS2 +],,1,lr_msms_nist,1403,612.152,612,310,310,100,"Glutathione, oxidized",1,C20H32N6O12S2,[M+H]+,,,,27025418,1005487,YPZRWBKMTBYPTK-BJDJZHNGSA-N,,,
#65362 933.3171@7.258 MS1+ [Scan #868 @7.2740 MS2 +],,1,lr_msms_nist,46871,910.328,910,410,410,63.5,Man3 b,1,C34H58N2O26,[M+Na]+,,,,0,1234462,,,,
#65859 428.0366@9.977 MS1+ [Scan #1186 @9.9418 MS2 +],,1,lr_msms_nist,13809,427.029,427,362,362,100,Adenosine 5'-diphosphate,1,C10H15N5O10P2,[M+H]+,,,,58640,1053868,XTWYTFMLZFPYCI-KQYNXXCUSA-N,,,
#66047 385.1288@11.001 MS1+ [Scan #1304 @10.9447 MS2 +],,1,lr_msms_nist,12494,384.122,384,410,410,100,S-(5'-Adenosyl)-L-homocysteine,1,C14H20N6O5S,[M+H]+,,,,979920,1051768,ZJUKTBDSGOFHSH-WFMPWKQPSA-N,,,
#66179 508.0030@11.984 MS1+ [Scan #1425 @12.0450 MS2 +],,1,lr_msms_nist,41739,867.131,867,523,523,43.1,Methylmalonyl coenzyme A,1,C25H40N7O19P3S,[M+2H]2+=>508.0,,,,1264455,1178593,MZFOKIKEPGUZEN-RVTPZZGCSA-N,,,
#66462 380.1816@14.696 MS1+ [Scan #1713 @14.7040 MS2 +],,1,hr_msms_nist,265994,380.178,380,322,322,99,Bisphenol PH,1,C27H24O2,[M+H-H]+,,,,24038684,1464520,BKTRENAPTCBBFA-UHFFFAOYSA-N,,,
#66496 439.2437@14.927 MS1+ [Scan #1738 @14.9350 MS2 +],,1,biopep_msms_nist,12870,876.475,876,782,782,98.7,"Spinorphin, bovine",2,C45H64N8O10,[M+2H]2+,,,,0,0,,,,
#67162 410.2009@20.793 MS1+ [Scan #2388 @20.7723 MS2 +],,1,hr_msms_nist,909949,387.205,387,710,710,99,"11,13,14-Trihydroxyhetisan-2-yl acetate",1,C22H29NO5,[M+Na]+,,,,0,3341334,XGTNTUKODZZCGL-LKQJZJTQSA-N,,,
#71031 526.2583@32.174 MS1+ [Scan #3757 @32.1142 MS2 +],,1,hr_msms_nist,229581,525.248,525,622,622,100,Virginiamycin component b,1,C28H35N3O7,[M+H]+,,,,0,1411474,DAIKHDNSXMZDCU-ZFGFZPGFSA-N,,,
#71222 350.9872@34.184 MS1+ [Scan #3973 @34.0462 MS2 +],,1,lr_msms_nist,117698,326.001,326,393,393,42,Tris(1-chloro-2-propyl) phosphate,1,C9H18Cl3O4P,[M+Na+2i]+,,,,13674845,1585044,KVMPUXDNESXNOH-UHFFFAOYSA-N,,,
#71351 419.2402@35.754 MS1+ [Scan #4198 @35.7890 MS2 +],,1,lr_msms_nist,21894,418.236,418,521,521,100,Met-Ile-Arg,1,C17H34N6O4S,[M+H]+,,,,0,1086000,AEQVPPGEJJBFEE-UHFFFAOYSA-N,,,
#74354 419.2404@35.856 MS1+ [Scan #4227 @35.8497 MS2 +],,1,lr_msms_nist,19140,418.236,418,530,530,100,Leu-Met-Arg,1,C17H34N6O4S,[M+H]+,,,,0,1082954,PKKMDPNFGULLNQ-UHFFFAOYSA-N,,,